run_id	run_dir	dataset	dataset_mode	method	parameter_json	n_points	n_clusters	n_noise	noise_fraction	runtime_seconds	status	error_message	error_traceback	redcea_output_dir	param_cluster_min_samples	param_cluster_pc_components	param_enrichment_test	param_eps_k_neighbors	param_k_neighbors	param_leiden_resolution	param_eps_estimation_based_on	param_vdbscan_sym_rule	n_clusters_in_summary	good_candidate_count	good_candidate_fraction	good_candidate_relaxed_count	good_candidate_relaxed_fraction	cluster_size__mean	cluster_size__median	cluster_size__max	cluster_size__q25	cluster_size__q75	sample__mean	sample__median	sample__max	sample__q25	sample__q75	background__mean	background__median	background__max	background__q25	background__q75	enrichment_pvalue_zbinom__mean	enrichment_pvalue_zbinom__median	enrichment_pvalue_zbinom__max	enrichment_pvalue_zbinom__q25	enrichment_pvalue_zbinom__q75	enrichment_fdr_zbinom__mean	enrichment_fdr_zbinom__median	enrichment_fdr_zbinom__max	enrichment_fdr_zbinom__q25	enrichment_fdr_zbinom__q75	log_fold_change__mean	log_fold_change__median	log_fold_change__max	log_fold_change__q25	log_fold_change__q75	sample_usage__mean	sample_usage__median	sample_usage__max	sample_usage__q25	sample_usage__q75	background_usage__mean	background_usage__median	background_usage__max	background_usage__q25	background_usage__q75	sample_fraction_in_cluster__mean	sample_fraction_in_cluster__median	sample_fraction_in_cluster__max	sample_fraction_in_cluster__q25	sample_fraction_in_cluster__q75	log2fc_smooth__mean	log2fc_smooth__median	log2fc_smooth__max	log2fc_smooth__q25	log2fc_smooth__q75	fc_smooth__mean	fc_smooth__median	fc_smooth__max	fc_smooth__q25	fc_smooth__q75	minus_log10_fdr__mean	minus_log10_fdr__median	minus_log10_fdr__max	minus_log10_fdr__q25	minus_log10_fdr__q75	support_log__mean	support_log__median	support_log__max	support_log__q25	support_log__q75	enrichment_support_score__mean	enrichment_support_score__median	enrichment_support_score__max	enrichment_support_score__q25	enrichment_support_score__q75	enrichment_stat_score__mean	enrichment_stat_score__median	enrichment_stat_score__max	enrichment_stat_score__q25	enrichment_stat_score__q75	internal_edges_n__mean	internal_edges_n__median	internal_edges_n__max	internal_edges_n__q25	internal_edges_n__q75	internal_mreach_q90__mean	internal_mreach_q90__median	internal_mreach_q90__max	internal_mreach_q90__q25	internal_mreach_q90__q75	cohesion__mean	cohesion__median	cohesion__max	cohesion__q25	cohesion__q75	external_edges_n__mean	external_edges_n__median	external_edges_n__max	external_edges_n__q25	external_edges_n__q75	external_mreach_q10__mean	external_mreach_q10__median	external_mreach_q10__max	external_mreach_q10__q25	external_mreach_q10__q75	separation__mean	separation__median	separation__max	separation__q25	separation__q75	density_validity__mean	density_validity__median	density_validity__max	density_validity__q25	density_validity__q75	geometry_score__mean	geometry_score__median	geometry_score__max	geometry_score__q25	geometry_score__q75	has_density_validity__mean	has_density_validity__median	has_density_validity__max	has_density_validity__q25	has_density_validity__q75	is_sample_knn_closed__mean	is_sample_knn_closed__median	is_sample_knn_closed__max	is_sample_knn_closed__q25	is_sample_knn_closed__q75	log2_odds__mean	log2_odds__median	log2_odds__max	log2_odds__q25	log2_odds__q75	odds_ratio__mean	odds_ratio__median	odds_ratio__max	odds_ratio__q25	odds_ratio__q75	dbcv_with_odds__mean	dbcv_with_odds__median	dbcv_with_odds__max	dbcv_with_odds__q25	dbcv_with_odds__q75	redcea_auxiliary_validity__mean	redcea_auxiliary_validity__median	redcea_auxiliary_validity__max	redcea_auxiliary_validity__q25	redcea_auxiliary_validity__q75	is_good_candidate__mean	is_good_candidate__median	is_good_candidate__max	is_good_candidate__q25	is_good_candidate__q75	is_good_candidate_relaxed__mean	is_good_candidate_relaxed__median	is_good_candidate_relaxed__max	is_good_candidate_relaxed__q25	is_good_candidate_relaxed__q75
vdjdb_glc_dbscan_grid_0000	results\redcea_runs\vdjdb_glc_dbscan_grid_0000	vdjdb_glc	vdjdb	dbscan	"{""cluster_min_samples"":3,""cluster_pc_components"":50,""enrichment_test"":""zbinom"",""eps_k_neighbors"":4,""k_neighbors"":4}"	101212.0	685.0	85741.0	0.8471426313085405	150.1750755533576	success			C:\Users\lizzka239\projects\tcrempnet\results\redcea_runs\vdjdb_glc_dbscan_grid_0000	3.0	50.0	zbinom	4.0	4.0				685	4	0.00583941605839416	8	0.01167883211678832	22.585401459854015	10.0	464.0	6.0	21.0	0.3562043795620438	0.0	29.0	0.0	0.0	22.22919708029197	10.0	458.0	6.0	21.0	0.6430867520940012	0.7277235597421565	0.9950678315271062	0.5974729694709866	0.7874106580408542	0.7854466308627881	0.8223525780645176	0.9950678315271062	0.8223525780645176	0.8223525780645176	-7.254820575200681	-7.986592606876497	11.957890065367437	-8.338775124957701	-7.7824726242531455	0.00029389800293898	0.0	0.023927392739273932	0.0	0.0	0.0002222919708029197	0.0001	0.00458	5.9999999999999995e-05	0.00021	0.023943670868890366	0.0	1.0	0.0	0.0	1.9274762059647361	2.1185389775202754	10.890028447020876	1.0089144863457769	2.666026772822768	19.35577367101937	4.342539517109606	1897.6897689768991	2.0123963615873777	6.346788525006344	8.037410121972314	0.08494194173244463	300.0	0.08494194173244463	0.08494194173244463	0.11544154663230882	0.0	3.4011973816621555	0.0	0.0	0.6176916371694504	0.0	36.270868988763205	0.0	0.0	25.21980251717772	0.0	1813.54344943816	0.0	0.0	1.7167883211678832	0.0	199.0	0.0	0.0	32.516881993611655	36.25924873352051	49.16582489013672	23.409369468688965	42.7257194519043	32.516881993611655	36.25924873352051	49.16582489013672	23.409369468688965	42.7257194519043	0.7766423357664234	0.0	23.0	0.0	0.0	42.443546282450356	41.888397216796875	71.5655288696289	36.28364162445069	48.255919456481934	42.443546282450356	41.888397216796875	71.5655288696289	36.28364162445069	48.255919456481934	0.0030840665214104325	-0.018166821859659288	0.2353272316725313	-0.03937025366193834	-0.00032644932496134313	0.033317044722756844	0.0	0.2353272316725313	0.0	0.0	0.03795620437956204	0.0	1.0	0.0	0.0	0.00583941605839416	0.0	1.0	0.0	0.0	1.926993226299411	2.1178212947408674	10.902588710821128	1.008038084891096	2.6653523739244616	19.510942003491472	4.340379815518179	1914.2833957553046	2.011174251948704	6.343822363203803	0.856515953452801	0.0	6.490018259720004	0.0	0.0	0.8546382258204296	0.0	6.469197014458129	0.0	0.0	0.00583941605839416	0.0	1.0	0.0	0.0	0.01167883211678832	0.0	1.0	0.0	0.0
vdjdb_glc_leiden_grid_0002	results\redcea_runs\vdjdb_glc_leiden_grid_0002	vdjdb_glc	vdjdb	leiden	"{""cluster_min_samples"":5,""cluster_pc_components"":50,""enrichment_test"":""zbinom"",""k_neighbors"":8,""leiden_resolution"":1.0}"	101212.0	93.0	24714.0	0.2441805319527329	111.3394186608493	success			C:\Users\lizzka239\projects\tcrempnet\results\redcea_runs\vdjdb_glc_leiden_grid_0002	5.0	50.0	zbinom		8.0	1.0			93	4	0.043010752688172046	8	0.08602150537634409	822.5591397849462	791.0	2335.0	437.0	1070.0	11.903225806451612	9.0	103.0	5.0	14.0	810.6559139784946	768.0	2315.0	421.0	1049.0	0.2745643491073139	0.2119472978489698	0.953286742077058	0.0174564123731642	0.4601024077969671	0.3740525612824986	0.4193850787224296	0.953286742077058	0.0676435979460112	0.6112789132159706	-1.6270461609083375	-0.0716154600556362	1.7357612160706724	-0.3382923071411015	0.1505805862315571	0.009821143404663045	0.007425742574257425	0.08498349834983497	0.004125412541254125	0.01155115511551155	0.008106559139784947	0.007679999999999999	0.02315	0.00421	0.010490000000000001	0.01860028416776195	0.01017293997965412	0.3974358974358974	0.005530973451327434	0.016853932584269662	-0.06742603233109341	-0.0957889591502159	5.770008351404876	-0.7486253397726328	0.8353539641869592	1.9943117008196374	0.9357603730650734	54.56894895838789	0.5951703906698442	1.7842947605722543	13.894609600775338	0.37738702533417107	300.0	0.21376058545003496	1.1697733004453512	2.070865088283896	2.302585092994046	4.6443908991413725	1.791759469228055	2.7080502011022096	1.496138478281022	0.0	23.90592197227469	0.0	1.5066285477778774	35.33474965987759	0.0	1195.2960986137348	0.0	0.5124872358870758	69.96774193548387	48.0	708.0	17.0	84.0	64.31713225967006	59.425987243652344	113.4392547607422	53.451482200622564	72.70333480834961	64.31713225967006	59.425987243652344	113.4392547607422	53.451482200622564	72.70333480834961	13.35483870967742	13.0	43.0	0.0	22.0	56.66624842251048	50.67828121185302	107.57867431640624	46.8876724243164	63.48607158660889	56.66624842251048	50.67828121185302	107.57867431640624	46.8876724243164	63.48607158660889	-0.1220969418192704	-0.14667113900937553	0.5105295665575459	-0.21127488343125497	-0.05825672784934097	0.02759659173707684	0.0	0.5105295665575459	0.0	0.0	0.7311827956989247	1.0	1.0	0.0	1.0	0.08602150537634409	0.0	1.0	0.0	0.0	-0.06543915602219831	-0.09817833516469764	5.843787515777107	-0.7609099842950977	0.8418224326926911	2.042820323660251	0.9342118594664915	57.43218384461323	0.5901239907936531	1.7923127872057327	0.13979520959041447	0.0	3.6725498440625515	0.0	0.0	0.1369738093302894	0.0	3.60452750727172	0.0	0.0	0.043010752688172046	0.0	1.0	0.0	0.0	0.08602150537634409	0.0	1.0	0.0	0.0
vdjdb_glc_vdbscan_grid_0001	results\redcea_runs\vdjdb_glc_vdbscan_grid_0001	vdjdb_glc	vdjdb	vdbscan	"{""cluster_min_samples"":5,""cluster_pc_components"":50,""enrichment_test"":""zbinom"",""eps_estimation_based_on"":""sample"",""eps_k_neighbors"":8,""k_neighbors"":8,""vdbscan_sym_rule"":""asymmetric""}"	101212.0	136.0	20116.0	0.19875113622890567	137.66692190989852	success			C:\Users\lizzka239\projects\tcrempnet\results\redcea_runs\vdjdb_glc_vdbscan_grid_0001	5.0	50.0	zbinom	8.0	8.0		sample	asymmetric	136	1	0.007352941176470588	3	0.022058823529411766	596.2941176470588	7.0	24026.0	3.0	88.25	7.132352941176471	0.0	194.0	0.0	2.25	589.1617647058823	6.0	23832.0	2.75	75.25	0.5656186206538145	0.7708347029591975	0.9344723092563284	0.12795121653716246	0.8487717554926189	0.6935446870946604	0.9190949659209672	0.9344723092563284	0.49173115408799706	0.9190949659209672	-5.081796273291578	-7.083502620264563	3.1206173624185065	-7.7824726242531455	-0.21741188848352722	0.005884779654436033	0.0	0.16006600660066006	0.0	0.0018564356435643563	0.005891617647058823	5.9999999999999995e-05	0.23831999999999998	2.7499999999999998e-05	0.0007525	0.04564311916961821	0.0	0.9411764705882352	0.0	0.007293437707866624	2.528090487391924	2.9070348723265624	9.825898109601157	0.9578868789257434	4.356084559960697	27.568117922322728	7.5007500750074945	907.5907590759067	1.9435276861019428	20.595023155624038	22.63513102849916	0.03663961261319642	300.0	0.03663961261319642	0.3082734616165723	0.7830821800502683	0.0	5.272999558563747	0.0	1.170532806781055	1.5819125856203107	0.0	27.838865641458746	0.0	0.0	65.07784002116377	0.0	1391.9432820729373	0.0	0.0	42.588235294117645	0.0	1158.0	0.0	3.0	68.98866870983227	66.88920593261719	138.09849548339844	57.68745040893555	83.77098846435547	68.98866870983227	66.88920593261719	138.09849548339844	57.68745040893555	83.77098846435547	7.338235294117647	0.0	200.0	0.0	7.0	56.87633345467704	55.68505859375	107.00617218017578	41.191953372955325	71.48799324035645	56.87633345467704	55.68505859375	107.00617218017578	41.191953372955325	71.48799324035645	-0.22569050302423996	-0.16856378066704697	0.004139668449447208	-0.34347967156811454	-0.07806764362167892	0.00011827624141277736	0.0	0.004139668449447208	0.0	0.0	0.25735294117647056	0.0	1.0	0.0	1.0	0.014705882352941176	0.0	1.0	0.0	0.0	2.527274385966969	2.9063749011000493	9.844460198042372	0.9577833183047962	4.390505108652599	27.77073650512077	7.497319587628866	919.3435018804846	1.9433738411097372	21.094375893944367	0.0024618486678405376	0.0	0.08616470337441881	0.0	0.0	0.0024590854013845126	0.0	0.08606798904845794	0.0	0.0	0.007352941176470588	0.0	1.0	0.0	0.0	0.022058823529411766	0.0	1.0	0.0	0.0
vdjdb_ylq_dbscan_grid_0000	results\redcea_runs\vdjdb_ylq_dbscan_grid_0000	vdjdb_ylq	vdjdb	dbscan	"{""cluster_min_samples"":3,""cluster_pc_components"":50,""enrichment_test"":""zbinom"",""eps_k_neighbors"":4,""k_neighbors"":4}"	100903.0	129.0	87975.0	0.8718769511312845	149.96161032095551	success			C:\Users\lizzka239\projects\tcrempnet\results\redcea_runs\vdjdb_ylq_dbscan_grid_0000	3.0	50.0	zbinom	4.0	4.0				129	7	0.05426356589147287	17	0.13178294573643412	100.21705426356588	22.0	1503.0	8.0	73.0	3.945736434108527	0.0	75.0	0.0	2.0	96.27131782945736	16.0	1500.0	6.0	65.0	0.4259065865248054	0.4505576502865334	0.9561303894909264	0.0155592794356691	0.7526219956933495	0.5650513442074082	0.8448223432300611	0.9561303894909264	0.0608226377939793	0.8448223432300611	-4.877245086266956	-7.858777737359736	12.190440285395756	-8.61844558200452	0.4262641531863163	0.0043695863057680254	0.0	0.08305647840531563	0.0	0.0022148394241417496	0.0009627131782945737	0.00016	0.015	5.9999999999999995e-05	0.00065	0.1525975046314493	0.0	1.0	0.0	0.023529411764705882	2.5973644330610126	2.0361707947924863	12.444500535559875	-0.05443175398842115	3.3316266783186563	236.0042278871199	4.101554489151392	5574.012550756734	0.9629736626703264	10.067451927917043	60.70303092943186	0.07323460876243354	300.0	0.07323460876243354	1.2159347490302923	0.6235667302463967	0.0	4.330733340286331	0.0	1.0986122886681098	4.892009155998101	0.0	53.89381337256025	0.0	1.8739895674970264	237.08557206788478	0.0	2694.690668628013	0.0	0.6674436267205539	25.651162790697676	0.0	524.0	0.0	2.0	37.61239400343461	34.436622619628906	75.28193664550781	27.37282371520996	43.66842651367188	37.61239400343461	34.436622619628906	75.28193664550781	27.37282371520996	43.66842651367188	1.9689922480620154	0.0	17.0	0.0	0.0	49.73163882946146	47.56636047363281	93.70358276367188	33.96037368774414	65.06413269042969	49.73163882946146	47.56636047363281	93.70358276367188	33.96037368774414	65.06413269042969	0.012779284497956001	-0.001907940031420831	0.3764775547564852	-0.05221262371935242	0.06497455950645913	0.053154036841143865	0.0	0.3764775547564852	0.0	0.06497455950645913	0.17829457364341086	0.0	1.0	0.0	0.0	0.07751937984496124	0.0	1.0	0.0	0.0	2.6016093312601147	2.035191833256638	12.568717612326045	-0.05604572042919997	3.330763142197302	243.45557744069362	4.09877226423989	6075.205994769661	0.9618969707177404	10.06142778085224	1.7564961462470965	0.0	13.285337729853422	0.0	0.8684138558990229	1.742761301188018	0.0	13.110563282022298	0.0	0.8667981703892689	0.05426356589147287	0.0	1.0	0.0	0.0	0.13178294573643412	0.0	1.0	0.0	0.0
vdjdb_ylq_leiden_grid_0002	results\redcea_runs\vdjdb_ylq_leiden_grid_0002	vdjdb_ylq	vdjdb	leiden	"{""cluster_min_samples"":5,""cluster_pc_components"":50,""enrichment_test"":""zbinom"",""k_neighbors"":8,""leiden_resolution"":1.0}"	100903.0	46.0	32138.0	0.3185039096954501	105.22204733267428	success			C:\Users\lizzka239\projects\tcrempnet\results\redcea_runs\vdjdb_ylq_leiden_grid_0002	5.0	50.0	zbinom		8.0	1.0			46	3	0.06521739130434782	8	0.17391304347826086	1494.891304347826	813.5	6968.0	293.75	2196.75	18.32608695652174	7.5	166.0	0.0	17.75	1476.5652173913043	801.0	6938.0	279.5	2188.0	0.10635230829787864	0.0029278219555492497	0.8368830360662498	5.6154474192271486e-05	0.1064727603105968	0.11870444262917469	0.0056465980074241	0.8368830360662498	0.00020868745789052502	0.14067193434286893	-3.157916138095797	-0.4581217416042078	2.577914860333006	-9.224075006096214	0.046025770704167926	0.02029466994077712	0.00830564784053156	0.18383167220376526	0.0	0.019656699889258028	0.014765652173913043	0.00801	0.06938	0.0027949999999999997	0.021879999999999997	0.05442569928344112	0.0031376271559517633	0.7735849056603774	0.0	0.009941534596057209	-0.40181350829495593	-1.2133672628158112	8.522241538528153	-1.8920317700162306	0.2754226140299234	14.093962935338975	0.43131799273465077	367.6633444075303	0.2696549168687341	1.2104020248913614	53.68604514585812	2.2482131294530965	300.0	0.8577558370551441	3.696537673568221	1.873017244259916	2.138333059508028	5.1179938124167546	0.0	2.930922173848871	3.959175413042145	0.0	31.853323278229194	0.0	0.5184015911728939	188.1628584488562	0.0	1592.6661639114593	0.0	0.0503142757474202	120.82608695652173	33.5	1151.0	0.0	117.5	70.55466078440348	72.80529022216797	127.37018585205078	53.01284408569337	81.75746536254883	70.55466078440348	72.80529022216797	127.37018585205078	53.01284408569337	81.75746536254883	7.456521739130435	1.5	27.0	0.0	15.75	73.06240692138671	70.7145004272461	124.29709243774414	62.24184799194336	80.40213088989258	73.06240692138671	70.7145004272461	124.29709243774414	62.24184799194336	80.40213088989258	-0.036057119657732346	-0.07591849196941966	0.3769267570145135	-0.1517793123850977	0.016435627427851988	0.05793730584325727	0.0	0.3769267570145135	0.0	0.026827551727075356	0.5	0.5	1.0	0.0	1.0	0.15217391304347827	0.0	1.0	0.0	0.0	-0.3936725921348615	-1.2362042216297682	8.588277149985862	-1.9207725516766567	0.2752610785857128	15.168598158979776	0.4244891485975598	384.88326956521735	0.26430820522097004	1.2102725329272603	0.5909272339191938	0.0	9.433989686423175	0.0	0.0	0.5666722184691845	0.0	8.975128208696209	0.0	0.0	0.06521739130434782	0.0	1.0	0.0	0.0	0.17391304347826086	0.0	1.0	0.0	0.0
vdjdb_ylq_vdbscan_grid_0001	results\redcea_runs\vdjdb_ylq_vdbscan_grid_0001	vdjdb_ylq	vdjdb	vdbscan	"{""cluster_min_samples"":5,""cluster_pc_components"":50,""enrichment_test"":""zbinom"",""eps_estimation_based_on"":""sample"",""eps_k_neighbors"":8,""k_neighbors"":8,""vdbscan_sym_rule"":""asymmetric""}"	100903.0	260.0	47844.0	0.4741583500986096	106.61427614837885	success			C:\Users\lizzka239\projects\tcrempnet\results\redcea_runs\vdjdb_ylq_vdbscan_grid_0001	5.0	50.0	zbinom	8.0	8.0		sample	asymmetric	260	3	0.011538461538461539	5	0.019230769230769232	204.0730769230769	1.0	14513.0	1.0	17.25	2.396153846153846	0.0	173.0	0.0	0.0	201.6769230769231	1.0	14464.0	1.0	16.0	0.7579527499736025	0.924293587759486	0.9768541469757286	0.749967525415288	0.924293587759486	0.8522761580521232	0.937385728575155	0.9768541469757286	0.937385728575155	0.937385728575155	-6.1392244218933145	-6.9556877507478	11.82246350014252	-7.432809005177933	-6.9556877507478	0.0026535480023852118	0.0	0.19158361018826134	0.0	0.0	0.0020167692307692317	1e-05	0.14464000000000002	1e-05	0.00016	0.016899393347603518	0.0	1.0	0.0	0.0	3.6358476978991736	5.206095796234797	10.491498015097047	2.2674963408989406	5.206095796234797	32.0958015692811	36.91399040236247	1439.6456256921388	4.81486831335163	36.91399040236247	10.569581352654751	0.028081662772540258	300.0	0.028081662772540258	0.028081662772540258	0.2894722470549091	0.0	5.159055299214528	0.0	0.0	0.8010000926788449	0.0	31.148092163770624	0.0	0.0	37.17350624750159	0.0	1557.4046081885313	0.0	0.0	14.623076923076923	0.0	1192.0	0.0	0.0	64.81602492155852	72.25553131103516	95.23883819580078	44.55682182312012	80.0607795715332	64.81602492155852	72.25553131103516	95.23883819580078	44.55682182312012	80.0607795715332	2.15	0.0	115.0	0.0	0.0	70.0572479473917	70.78887939453125	128.73492431640622	51.5001817703247	87.60279846191406	70.0572479473917	70.78887939453125	128.73492431640622	51.5001817703247	87.60279846191406	-0.16547795332216125	-0.14289057623127616	0.2094805763348	-0.2449661623751877	-0.01940969202873154	0.012112169196867108	0.0	0.2094805763348	0.0	0.0	0.09615384615384616	0.0	1.0	0.0	0.0	0.007692307692307693	0.0	1.0	0.0	0.0	3.6360614630960333	5.2052899693578185	10.50031927732466	2.2665462365824918	5.2052899693578185	32.281735280125524	36.89337760560782	1448.4752089136484	4.8116984673131045	36.89337760560782	0.2202941237707837	0.0	4.329819774070262	0.0	0.0	0.21681138731403476	0.0	4.264654446525197	0.0	0.0	0.011538461538461539	0.0	1.0	0.0	0.0	0.019230769230769232	0.0	1.0	0.0	0.0
yfv_P1_F1_dbscan_grid_0000	results\redcea_runs\yfv_P1_F1_dbscan_grid_0000																						10710	66	0.0061624649859943975	72	0.0067226890756302525	16.42296918767507	7.0	948.0	5.0	13.0	6.123902894491129	3.0	390.0	2.0	5.0	10.299066293183941	5.0	558.0	3.0	8.0	0.41785557290866615	0.4380302057309235	0.9982783039691844	0.1069672281957128	0.7239867314343582	0.6448575916918955	0.7758163877220152	0.9982783039691844	0.4143287573150394	0.8546962368661638	-0.3536976620938429	0.0624078152108362	10.325649249966991	-0.1928646898056109	0.2163283814061887	1.9684360246512047e-05	9.64304655984314e-06	0.0012535960527796082	6.428697706562094e-06	1.6071744266405232e-05	1.7204192679677236e-05	8.352306990713905e-06	0.0009321174601636717	5.011384194428343e-06	1.3363691185142247e-05	0.3642149854400639	0.375	1.0	0.25	0.4609769225593757	0.1524501031257623	0.2524021640255949	5.467841824720273	-0.4962927227227176	0.7202704045964858	1.43850910912353	1.1911888575362324	44.257247553076894	0.7089261621774343	1.6474908935562733	1.340577371322868	0.11024105095138677	300.0	0.06818820818764618	0.3826549225795509	1.4714083505714108	1.3862943611198906	5.968707559985366	1.0986122886681098	1.791759469228055	0.8238483112261453	0.4050796097607997	13.587076510236367	0.0	1.309049857246916	2.2225295403410947	0.021305759037709177	679.3538255118183	0.0	0.2544889867578463	29.281139122315594	6.0	2612.0	2.0	19.0	17.378586805647615	17.074111175537112	39.98034286499024	15.47694706916809	18.9937801361084	17.378586805647615	17.074111175537112	39.98034286499024	15.47694706916809	18.9937801361084	13.586928104575163	12.0	200.0	10.0	16.0	16.342748715794595	15.937684059143065	38.22742462158203	14.131082534790039	18.13011741638184	16.342748715794595	15.937684059143065	38.22742462158203	14.131082534790039	18.13011741638184	-0.08285427229826438	-0.07507406098808364	0.4758931612304192	-0.1265562560534807	-0.031030808019221125	0.0027368786924778362	0.0	0.4758931612304192	0.0	0.0	0.7878618113912231	1.0	1.0	1.0	1.0	0.0018674136321195146	0.0	1.0	0.0	0.0	0.15245256817681474	0.2524047746771494	5.467891722438749	-0.4963016142228813	0.7203930592454979	1.4385182820710019	1.1911910130727583	44.25877828119751	0.7089217929951164	1.6476309769960866	0.005076666997591092	0.0	1.5658615746283016	0.0	0.0	0.005076452952969944	0.0	1.5658380302884942	0.0	0.0	0.0061624649859943975	0.0	1.0	0.0	0.0	0.0067226890756302525	0.0	1.0	0.0	0.0
yfv_P1_F1_leiden_grid_0002	results\redcea_runs\yfv_P1_F1_leiden_grid_0002																						444	37	0.08333333333333333	40	0.09009009009009009	2048.768018018018	1724.0	8411.0	981.5	2872.25	700.6103603603603	570.0	2963.0	331.25	933.25	1348.1576576576576	1148.0	5448.0	643.25	1864.0	0.10415316683658549	0.0010000658156823	0.9959567356878704	2.3684438299476085e-09	0.08042061628774103	0.11554774762274526	0.00199528421126355	0.9959567356878704	9.403308847847188e-09	0.1069483832210042	-0.0060829344319782465	0.003486029368797	0.5852865603789811	-0.0598146981126311	0.07415126071917372	0.002252006108421145	0.0018321788463701964	0.009524115652271741	0.001064753057649347	0.0029997910673245374	0.0022520453257277072	0.0019176896850679125	0.009100673697081871	0.0010745242943553438	0.003113740046138144	0.35107128396623455	0.34377912782956055	0.6666666666666666	0.31168503969396566	0.3813588915417577	0.044880095112898644	0.012146591630267878	1.861817708471289	-0.19816002908320843	0.2468337400002949	1.0701164717162828	1.0084549215164729	3.634653180687476	0.8716616320528333	1.1866053115709405	32.44929465195501	2.7013433499886017	300.0	0.9708257764361063	8.0360324291726	6.191512374124138	6.347387676104197	7.994294986415977	5.805880031100465	6.839743960993804	0.8560822502107293	0.07978368628912358	5.187455277785244	0.0	1.5327548217140017	14.437471772851046	0.0059542844992912115	259.37276388926216	0.0	4.247327734280715	4857.518018018018	3960.5	20593.0	2298.75	6478.25	28.361929649693163	28.96057319641113	42.24155044555664	25.06655502319336	32.27799034118652	28.361929649693163	28.96057319641113	42.24155044555664	25.06655502319336	32.27799034118652	46.77252252252252	28.0	292.0	11.0	68.0	27.611536721202814	23.927156448364258	66.85959930419922	20.94650545120239	31.617549800872805	27.611536721202814	23.927156448364258	66.85959930419922	20.94650545120239	31.617549800872805	-0.06645292849754195	-0.11573680697522198	0.515716521571577	-0.1888840446637426	0.038353749869749015	0.054997924317830765	0.0	0.515716521571577	0.0	0.038353749869749015	0.963963963963964	1.0	1.0	1.0	1.0	0.033783783783783786	0.0	1.0	0.0	0.0	0.04487888737044777	0.012177122872660817	1.861844053922184	-0.19865843393055235	0.24729794527035232	1.070198291170094	1.0084762624373411	3.6347195546948035	0.8713605754869997	1.1869868349066814	0.037176748743306724	0.0	1.274833928191468	0.0	0.0	0.03710356068828339	0.0	1.2671243692728216	0.0	0.0	0.08333333333333333	0.0	1.0	0.0	0.0	0.09009009009009009	0.0	1.0	0.0	0.0
yfv_P1_F1_vdbscan_grid_0001	results\redcea_runs\yfv_P1_F1_vdbscan_grid_0001																						14248	112	0.007860752386299831	118	0.00828186412128018	34.83639809096014	9.0	2838.0	6.0	25.0	12.299901740595171	4.0	1147.0	2.0	9.0	22.536496350364963	6.0	1691.0	4.0	17.0	0.40607023436934847	0.3845892791623062	0.9999038199739674	0.1069672281957128	0.7104497794422735	0.6380612488977674	0.7561447432968854	0.9999038199739672	0.41847036445154207	0.8630943584379749	-0.3747465973164825	0.0026769247422411503	10.363437810853103	-0.1928646898779933	0.1593178281790823	3.953617505535164e-05	1.2857395413124189e-05	0.003686858134713361	6.428697706562094e-06	2.8929139679529414e-05	3.764634720267034e-05	1.0022768388856686e-05	0.0028247502242594426	6.681845592571123e-06	2.8397843768427282e-05	0.345926767310737	0.34335896276194783	1.0	0.25	0.42857142857142855	0.029360458623331132	0.09628296210831166	5.588136058437987	-0.5504848230863164	0.5572567455540156	1.2848238531351925	1.0690156413786691	48.10570386204014	0.6827906354612144	1.4714685887212282	1.0191580277683407	0.12139506270221552	300.0	0.06394172211931783	0.3783352927744035	1.771882340491952	1.6094379124341005	7.045776576879512	1.0986122886681098	2.302585092994046	0.7073798944679959	0.10577764536155718	14.33328599249816	0.0	1.0843715568030932	1.6370941374309267	0.0016152278741657926	716.664299624908	0.0	0.1663556540926958	70.58408197641775	6.0	7863.0	2.0	45.0	22.005867925255696	21.715883255004883	39.98034286499024	19.454349040985104	24.20610523223877	22.005867925255696	21.715883255004883	39.98034286499024	19.454349040985104	24.20610523223877	15.515791690061763	15.0	278.0	10.0	17.0	20.520428994900595	20.15250473022461	38.80213165283203	18.149245262145996	22.531085968017578	20.520428994900595	20.15250473022461	38.80213165283203	18.149245262145996	22.531085968017578	-0.08504122122439228	-0.08186783234917165	0.4758931612304192	-0.12937899614728549	-0.03859890173920631	0.0036035809661911374	0.0	0.4758931612304192	0.0	0.0	0.8185710275126333	1.0	1.0	1.0	1.0	0.0017546322290847838	0.0	1.0	0.0	0.0	0.02936207321144569	0.09628148320583564	5.5881905936455825	-0.5504988999078684	0.5572641762067576	1.2848322495741469	1.0690145455344169	48.10752233653223	0.6827839732943883	1.4714761675926815	0.005385223702991373	0.0	2.4106637891156733	0.0	0.0	0.0053847143558860226	0.0	2.4106402634237742	0.0	0.0	0.007860752386299831	0.0	1.0	0.0	0.0	0.00828186412128018	0.0	1.0	0.0	0.0
yfv_P2_F1_dbscan_grid_0000	results\redcea_runs\yfv_P2_F1_dbscan_grid_0000																						11362	78	0.006864988558352402	90	0.007921140644252773	16.541718007393065	7.0	1027.0	5.0	12.0	6.587396585108255	3.0	501.0	2.0	5.0	9.954321422284808	5.0	570.0	3.0	8.0	0.4140680045752418	0.3902196590867188	0.9981171932087719	0.0851525533999502	0.7648227705259028	0.624570475116902	0.6963524056138369	0.9981171932087719	0.32976889976705	0.8974470666246033	-0.2786307781434042	0.0634339747518066	10.142615220781336	-0.15841477487178798	0.2395252337351054	1.8180955678089933e-05	8.279882094478974e-06	0.0013827403097779888	5.519921396319317e-06	1.379980349079829e-05	1.582666186871451e-05	7.949643776462377e-06	0.000906259390516711	4.769786265877426e-06	1.2719430042339805e-05	0.38928365058127445	0.4	1.0	0.2857142857142857	0.5	0.1532873950592011	0.3102587762088653	4.883148444629448	-0.4267068179573421	0.7956856033791091	1.4426176140605174	1.239930086252713	29.51033605281461	0.7439580517516272	1.7359021207538006	1.8735603678211628	0.1571709197569484	300.0	0.04699115762517626	0.4817903047146566	1.5192470893335643	1.3862943611198906	6.218600119691728	1.0986122886681098	1.791759469228055	0.8385613550260862	0.3408541042101884	10.729373777320957	0.0	1.4256772143829572	2.8146460415821197	0.01601712893812922	536.4686888660478	0.0	0.3099823553694577	32.08994895264918	6.0	3338.0	2.0	20.0	17.00348915188368	16.677518844604492	33.640098571777344	15.165300369262695	18.50199317932129	17.00348915188368	16.677518844604492	33.640098571777344	15.165300369262695	18.50199317932129	14.022443231825383	15.0	175.0	12.0	16.0	15.932796718448675	15.472979545593262	33.640098571777344	13.900647830963134	17.581393814086915	15.932796718448675	15.472979545593262	33.640098571777344	13.900647830963134	17.581393814086915	-0.08246251162153588	-0.07629559421275688	0.4647014674048272	-0.125965614250317	-0.031121111257198762	0.0027763451173303355	0.0	0.4647014674048272	0.0	0.0	0.8182538285513113	1.0	1.0	1.0	1.0	0.002288329519450801	0.0	1.0	0.0	0.0	0.15328994821119268	0.3102590144264248	4.883179455191337	-0.42671056153238496	0.7956898234002594	1.4426262101891003	1.2399302909897747	29.51097038086869	0.7439561212957074	1.7359071984411643	0.004751114496707626	0.0	1.6576279976299748	0.0	0.0	0.00475093285953929	0.0	1.6575999042475935	0.0	0.0	0.006864988558352402	0.0	1.0	0.0	0.0	0.007921140644252773	0.0	1.0	0.0	0.0
yfv_P2_F1_leiden_grid_0002	results\redcea_runs\yfv_P2_F1_leiden_grid_0002																						455	34	0.07472527472527472	36	0.07912087912087912	2178.492307692308	1838.0	8856.0	1017.5	3009.5	796.2615384615384	666.0	3211.0	369.0	1066.5	1382.2307692307693	1169.0	6036.0	649.5	1914.5	0.11033563897206333	4.6069594944464505e-05	0.9957153447100386	4.829470157119431e-13	0.052416453823468795	0.1205761491028644	9.193713026197959e-05	0.9957153447100386	1.9186200217348004e-12	0.06978041841216409	0.01207320188541392	0.0001164079673828	0.9384952378974064	-0.0693951017983982	0.08534770342036699	0.002197650551609991	0.0018381338249743324	0.008862233801790662	0.001018425497620914	0.0029434980845872757	0.0021976484464500375	0.0018586267149369039	0.00959680996694538	0.0010326587265624626	0.0030439186020074444	0.3737028428607473	0.3655723158828749	0.8333333333333334	0.3293082753801388	0.4121687940338108	0.03979755375646644	0.0007575044933947339	2.866074931270507	-0.2298485113150015	0.2838698082404081	1.0736626464030183	1.0005251999730935	7.290788907165964	0.852724757035236	1.2174561502880892	59.43773265890107	4.036509056500846	300.0	1.1562828910713505	11.717831156095222	6.330884411512771	6.502790045915622	8.074649075066652	5.9134993533239815	6.973069370174669	0.9627004149080419	0.005086933090016865	6.872547529179465	0.0	1.7752254308913753	25.530178220017348	9.486112932726647e-06	315.79343612185835	0.0	8.042804218720853	5523.367032967033	4621.0	22371.0	2565.0	7404.5	27.747264883230027	28.1900634765625	41.19041442871094	24.15035343170166	31.70051002502441	27.747264883230027	28.1900634765625	41.19041442871094	24.15035343170166	31.70051002502441	50.47912087912088	30.0	267.0	12.0	69.5	27.374509377650615	23.476311683654785	77.77158966064455	20.437055683135988	31.453328084945678	27.374509377650615	23.476311683654785	77.77158966064455	20.437055683135988	31.453328084945678	-0.06104464715426884	-0.10405229054440629	0.6056887044242267	-0.18232946248882378	0.0405607568580152	0.05951378877307029	0.0	0.6056887044242267	0.0	0.0405607568580152	0.9802197802197802	1.0	1.0	1.0	1.0	0.01978021978021978	0.0	1.0	0.0	0.0	0.03979668359265936	0.0007575398899266618	2.866109318014137	-0.2301414850690655	0.2845734357387575	1.0737741217762253	1.000525224520986	7.290962685732977	0.8525516291064774	1.2180501022330987	0.039757369982315084	0.0	2.2332640736828484	0.0	0.0	0.039703624270186214	0.0	2.233237279631876	0.0	0.0	0.07472527472527472	0.0	1.0	0.0	0.0	0.07912087912087912	0.0	1.0	0.0	0.0
yfv_P2_F1_vdbscan_grid_0001	results\redcea_runs\yfv_P2_F1_vdbscan_grid_0001																						15141	119	0.00785945446139621	128	0.008453866983686678	34.49838187702265	9.0	2292.0	6.0	25.0	13.034145697113797	4.0	911.0	2.0	9.0	21.464236179908855	6.0	1381.0	4.0	16.0	0.40439531512647153	0.387444599746235	0.9991848749007044	0.0896654692485627	0.6467216028642633	0.6239437510908739	0.6962346451969929	0.9991848749007044	0.3495239390200684	0.8615936461916243	-0.3055388285855216	0.017676484147702	10.239525233778538	-0.1864434984919367	0.15058415040198003	3.5973729858120903e-05	1.1039842792638631e-05	0.0025143241960234484	5.519921396319317e-06	2.4839646283436927e-05	3.4126606312826204e-05	9.539572531754853e-06	0.0021956916110589084	6.3597150211699026e-06	2.543886008467961e-05	0.36855207670939844	0.375	1.0	0.2727272727272727	0.4489795918367347	0.022727590755099596	0.0894168064358194	5.188003026157869	-0.4997702801470627	0.5061789861841248	1.281247658357019	1.063940009494265	36.4539445358298	0.7072193825293259	1.4202835533440192	1.4968295809624903	0.15724436967063832	300.0	0.06469751239588181	0.4565230739146464	1.8145656191448611	1.6094379124341005	6.815639990074331	1.0986122886681098	2.302585092994046	0.7101311840169533	0.19908421770262533	12.440287931687596	0.0	1.1030544651887366	2.1706045958679354	0.0032945500782694988	622.0143965843797	0.0	0.17344910409098593	75.24007661316953	10.0	6055.0	2.0	49.0	21.455823207335445	21.14894390106201	38.906009674072266	18.914660930633545	23.67624807357788	21.455823207335445	21.14894390106201	38.906009674072266	18.914660930633545	23.67624807357788	15.99940558747771	15.0	353.0	12.0	17.0	19.991525083290327	19.627803897857667	38.28414535522461	17.666680335998535	22.04635000228882	19.991525083290327	19.627803897857667	38.28414535522461	17.666680335998535	22.04635000228882	-0.08364549257864344	-0.08139963779256051	0.3255824421415769	-0.12727455064843535	-0.03793603509650665	0.0035562499673917444	0.0	0.3255824421415769	0.0	0.0	0.8401030315038637	1.0	1.0	1.0	1.0	0.0018492834026814608	0.0	1.0	0.0	0.0	0.022729413297596198	0.08941739174934149	5.1880420004698085	-0.4997810345825897	0.5061932052486355	1.2812557289625437	1.06394044114377	36.454929350053625	0.7072141106480972	1.4202975515920322	0.004964459265795284	0.0	2.2332640736828484	0.0	0.0	0.004964058363590482	0.0	2.233237279631876	0.0	0.0	0.00785945446139621	0.0	1.0	0.0	0.0	0.008453866983686678	0.0	1.0	0.0	0.0
yfv_Q1_F1_dbscan_grid_0000	results\redcea_runs\yfv_Q1_F1_dbscan_grid_0000																						6022	31	0.0051477914314181335	35	0.005812022583859183	16.098638326137497	7.0	677.0	5.0	13.0	3.659581534373962	2.0	160.0	1.0	3.0	12.439056791763534	6.0	517.0	4.0	11.0	0.4471737742211577	0.3682103026224714	0.9945146514398828	0.12757243872890975	0.7761854851735732	0.6851537848131036	0.7346744502144382	0.9945146514398828	0.5100354459735633	0.9575784214229304	-1.1829003769182864	0.0291653158977261	10.330195311322845	-0.1469259431217639	0.33019531124863294	4.21858642102383e-05	2.305502080715628e-05	0.0018444016645725024	1.152751040357814e-05	3.458253121073442e-05	3.351951040494189e-05	1.6168192315258192e-05	0.0013931592378314142	1.0778794876838794e-05	2.9641685911306685e-05	0.22360523582460692	0.2	1.0	0.14285714285714285	0.3333333333333333	0.35824102631626054	0.5119225804737422	5.5563166998322	-0.2250430136924617	1.1174347272832192	1.6878645765132814	1.4259491944191458	47.056323415831955	0.855569516651489	2.1696118944299645	0.777396289491077	0.13390506335941574	300.0	0.0188256491122332	0.2924001412686599	1.1174309175894712	1.0986122886681098	5.081404364984463	0.6931471805599453	1.3862943611198906	0.9102594705515964	0.3548376933203461	13.89941375227528	0.0	1.4938156108830631	1.6645304685760132	0.006680049906243051	694.9706876137641	0.0	0.3423627882057201	14.965459980073065	2.0	1036.0	0.0	6.0	22.42977335582131	22.050168991088867	40.89348602294922	20.07228183746338	24.376447677612305	22.42977335582131	22.050168991088867	40.89348602294922	20.07228183746338	24.376447677612305	10.65177681833278	12.0	102.0	7.0	15.0	21.804413700122268	21.3603515625	45.30601119995117	19.00606346130371	23.9525089263916	21.804413700122268	21.3603515625	45.30601119995117	19.00606346130371	23.9525089263916	-0.07287837820900729	-0.06575191237432093	0.30222267107158723	-0.11288519841478786	-0.025663040763347987	0.0019424729845843617	0.0	0.30222267107158723	0.0	0.0	0.5750581202258386	1.0	1.0	0.0	1.0	0.0014945200929923613	0.0	1.0	0.0	0.0	0.3582471614054949	0.5119172890749137	5.5563934836556825	-0.22505996813387166	1.1175833476729755	1.6878929406203376	1.4259439644489542	47.05882793721798	0.8555594621232647	2.169835349230631	0.004898796552402674	0.0	2.3521052541793046	0.0	0.0	0.00489806399689998	0.0	2.3516473033319008	0.0	0.0	0.0051477914314181335	0.0	1.0	0.0	0.0	0.005812022583859183	0.0	1.0	0.0	0.0
yfv_Q1_F1_leiden_grid_0002	results\redcea_runs\yfv_Q1_F1_leiden_grid_0002																						314	15	0.04777070063694268	18	0.05732484076433121	1458.0222929936306	1191.0	5675.0	684.5	1911.25	276.2515923566879	219.0	1119.0	118.0	381.5	1181.7707006369426	976.5	4611.0	569.0	1595.5	0.12133082815383385	0.0020456509642201	0.9969752143463187	3.247486418778145e-06	0.06264190618404313	0.13421798657125822	0.0040778464553771505	0.9969752143463187	1.2859120037052621e-05	0.08342918608153624	0.0012592951724413	-0.0389857155165706	10.585467816387547	-0.11901112350690417	0.06271384479928804	0.003184493104896747	0.002524524778383613	0.012899284141603936	0.0013602462276222204	0.004397745218965059	0.003184515993405918	0.0026313732993082707	0.01242525579427592	0.0015332835712303186	0.004299391806499074	0.1857635394117448	0.1760680322121701	1.0	0.1509098051736659	0.21264677172420732	-0.08243493431515027	-0.1281974619361832	6.344812594638487	-0.3901337280844719	0.20949396816929308	1.2376811590367327	0.9149749739610474	81.2791040818915	0.7630591833511423	1.156285939728507	22.00686609163408	2.3898521569833493	300.0	1.078899010170672	4.893326998851537	5.26664511831556	5.393617215667127	7.021083964289139	4.7791234931115305	5.946705463345692	0.8103885823002298	0.0	14.609470898255456	0.0	1.2745572266165173	15.945396714736768	0.0	730.4735449127727	0.0	2.2375111138627632	1890.2707006369426	1462.0	7738.0	785.0	2615.25	35.50381400904079	35.607789611816415	70.42794685363775	30.27587938308716	39.50413990020752	35.50381400904079	35.607789611816415	70.42794685363775	30.27587938308716	39.50413990020752	43.49363057324841	32.0	275.0	13.0	62.75	33.32505744660255	29.678684806823732	92.06765747070312	24.126405715942383	38.09195976257324	33.32505744660255	29.678684806823732	92.06765747070312	24.126405715942383	38.09195976257324	-0.10018230650787681	-0.1348850502980116	0.5950321120788906	-0.2117030051234895	-0.02867475297723058	0.04229784625056983	0.0	0.5950321120788906	0.0	0.0	0.964968152866242	1.0	1.0	1.0	1.0	0.03503184713375796	0.0	1.0	0.0	0.0	-0.08244035787141998	-0.12903709306653033	6.344955906175198	-0.3910074614944534	0.21055162975964925	1.2379449547251717	0.9144430014172675	81.28717842299744	0.7625974051030121	1.1571334795121697	0.013292296724480695	0.0	0.5896033567235255	0.0	0.0	0.013257174262449323	0.0	0.5890698925083321	0.0	0.0	0.04777070063694268	0.0	1.0	0.0	0.0	0.05732484076433121	0.0	1.0	0.0	0.0
yfv_Q1_F1_vdbscan_grid_0001	results\redcea_runs\yfv_Q1_F1_vdbscan_grid_0001																						5288	9	0.00170196671709531	13	0.0024583963691376704	61.83642208774584	9.0	8975.0	6.0	26.0	12.27269288956127	2.0	1698.0	1.0	5.0	49.56372919818457	8.0	7277.0	5.0	20.0	0.4368663054025651	0.3558256270392668	0.9999447554902379	0.1469227592458195	0.7339108427990819	0.6865700047353871	0.7112467495605043	0.9999447554902379	0.5837171682132936	0.9584094808778979	-1.325208341059959	0.0114365486665843	10.585467816387547	-0.229112699577428	0.1812562982493918	0.00014147359496433697	2.305502080715628e-05	0.019573712665275682	1.152751040357814e-05	5.76375520178907e-05	0.00013355931758960427	2.1557589753677592e-05	0.019609322579688983	1.3473493596048496e-05	5.3893974384193984e-05	0.19504218576769533	0.1935483870967742	1.0	0.12121212121212123	0.2619047619047619	0.10590769812239346	0.2224159632787579	6.344812594638487	-0.5080251809512846	0.7183734579411709	1.4054319247423428	1.1666857045247565	81.2791040818915	0.7031844982628154	1.6453259935605558	1.0689103351864453	0.1479810348230498	300.0	0.01844889876049329	0.2337975330892779	1.3636303199992306	1.0986122886681098	7.4377951216719325	0.6931471805599453	1.791759469228055	0.7268910175751289	0.2288339161106427	14.609470898255456	0.0	1.1651044444742784	1.503155835695155	0.0038705933761191804	730.4735449127727	0.0	0.20578675820748787	71.24697428139183	2.0	11557.0	0.0	17.0	28.89615302351121	28.140438079833984	70.46952056884766	24.887911796569828	31.90636539459228	28.89615302351121	28.140438079833984	70.46952056884766	24.887911796569828	31.90636539459228	14.662065052950076	12.0	348.0	7.0	16.0	27.195942970910952	26.24624252319336	70.05491638183594	22.93423504829407	30.36458120346069	27.195942970910952	26.24624252319336	70.05491638183594	22.93423504829407	30.36458120346069	-0.10229337364318666	-0.09366027170798846	0.3535788627347151	-0.1498560293346451	-0.046764464088033586	0.0018058650387072837	0.0	0.3535788627347151	0.0	0.0	0.5972012102874432	1.0	1.0	0.0	1.0	0.0011346444780635401	0.0	1.0	0.0	0.0	0.10591281237032639	0.22240678420954474	6.344955906175198	-0.5081449113724741	0.7183770220649013	1.405463289865381	1.1666782815736405	81.28717842299744	0.7031261296825209	1.6453300582814394	0.0034121813136511144	0.0	0.7817930986083569	0.0	0.0	0.0034114279847353443	0.0	0.7817309531877707	0.0	0.0	0.00170196671709531	0.0	1.0	0.0	0.0	0.0024583963691376704	0.0	1.0	0.0	0.0
yfv_Q2_F1_dbscan_grid_0000	results\redcea_runs\yfv_Q2_F1_dbscan_grid_0000																						10795	45	0.0041685965724872626	52	0.004817044928207503	16.53367299675776	7.0	1211.0	5.0	12.0	4.449652616952292	2.0	295.0	1.0	4.0	12.084020379805466	5.0	916.0	4.0	9.0	0.42922860007631636	0.3796358904078474	0.9990162360034538	0.1847291514842231	0.7003524338142261	0.655647134542373	0.7464789502646108	0.9990162360034538	0.542003876861209	0.9074906401421879	-0.8986093687730573	0.0557279523814392	10.435939194002566	-0.1661207970322464	0.3110004573978864	2.161977619089223e-05	9.717511928245892e-06	0.0014333330094162694	4.858755964122946e-06	1.9435023856491784e-05	1.7214219200012347e-05	7.1227201953334795e-06	0.0013048823397850931	5.698176156266783e-06	1.282089635160026e-05	0.2639454119880984	0.25	1.0	0.16666666666666666	0.375	0.32629520184679295	0.3295141595407252	5.857549592177046	-0.10438236698943547	1.1180100543470142	1.6474630739566636	1.256590135293339	57.98265909996407	0.9302030871651984	2.1704738700521315	1.0910605537172646	0.12698243430575695	300.0	0.04215784558172528	0.26599760701620984	1.2193610316577712	1.0986122886681098	5.690359454324059	0.6931471805599453	1.6094379124341005	0.9201257852968527	0.4301892471983152	19.08446204756117	0.0	1.4113431789982849	2.069344367447432	0.014949085802645744	954.2231023780586	0.0	0.3754139082921941	19.341269106067625	2.0	1968.0	0.0	10.0	18.961042647911427	18.595755577087402	37.95832061767578	16.768194675445557	20.71728801727295	18.961042647911427	18.595755577087402	37.95832061767578	16.768194675445557	20.71728801727295	11.80666975451598	12.0	156.0	7.0	15.0	18.262130276693515	17.844653129577637	37.010501861572266	15.666998147964478	20.2788667678833	18.262130276693515	17.844653129577637	37.010501861572266	15.666998147964478	20.2788667678833	-0.07648595717025984	-0.0685001880448979	0.3619702976837001	-0.11737986929732233	-0.02690277954403411	0.0022849407851401877	0.0	0.3619702976837001	0.0	0.0	0.6414080592867069	1.0	1.0	0.0	1.0	0.0014821676702176934	0.0	1.0	0.0	0.0	0.3262990814609237	0.3295142147469523	5.857720312534759	-0.10438968850217024	1.1180183303598472	1.6474772752870843	1.2565901833780693	57.98952084532981	0.9301983665026368	2.1704863210002645	0.005743446198491888	0.0	3.1752626309486267	0.0	0.0	0.00574315232806448	0.0	3.175170280542053	0.0	0.0	0.0041685965724872626	0.0	1.0	0.0	0.0	0.004817044928207503	0.0	1.0	0.0	0.0
yfv_Q2_F1_leiden_grid_0002	results\redcea_runs\yfv_Q2_F1_leiden_grid_0002																						414	17	0.04106280193236715	18	0.043478260869565216	2192.5314009661834	1845.0	9185.0	1151.0	2815.5	497.0845410628019	426.0	2335.0	225.25	649.75	1695.4468599033817	1400.0	6850.0	916.0	2209.0	0.11952135025846622	0.00031749470835495003	0.9686327236586451	1.4174517115606025e-10	0.08420172307349412	0.13228194194161622	0.0006333648116116	0.9686327236586451	5.624210639334591e-10	0.11217780144383918	-0.03267239193140808	-0.0139576384986102	0.6120304529894851	-0.08881536104995585	0.0641265971639348	0.0024152124785622063	0.0020698300407163747	0.01134519517622708	0.0010944347809186935	0.0031569766876888847	0.0024152387178297094	0.001994361654693374	0.009758126667606866	0.0013048823397850931	0.003146817782298331	0.22082798108911306	0.221134269055344	0.5454545454545454	0.1928752342185178	0.2536434881031471	-0.1058942660214223	-0.04457403826102713	2.011094850430501	-0.2869946709374793	0.21364967309981342	0.9961907007975875	0.9695773654509185	4.030880044382529	0.8196076352860426	1.1596180357867323	41.87421499247022	3.1991803900295968	300.0	0.9500993981757755	9.258033531484896	5.867513855550413	6.056773043926217	7.756195343948118	5.421638753824565	6.478125322378847	0.8364273048906079	0.0	7.639653434907327	0.0	1.2414164974561683	19.50540946554074	0.0	381.98267174536636	0.0	3.2244359914732703	3420.478260869565	2922.0	16201.0	1543.5	4460.75	31.039604902958526	31.023497867584247	52.96554946899414	26.105043888092037	35.118239402770996	31.039604902958526	31.023497867584247	52.96554946899414	26.105043888092037	35.118239402770996	59.1231884057971	41.0	448.0	18.25	79.75	28.57912306560772	25.171327590942386	93.26757049560548	21.690311813354494	31.144084072113035	28.57912306560772	25.171327590942386	93.26757049560548	21.690311813354494	31.144084072113035	-0.1094262783138607	-0.14357894754202005	0.6150561971734071	-0.2056694629435511	-0.06058305910809595	0.03457159065365992	0.0	0.6150561971734071	0.0	0.0	0.9734299516908212	1.0	1.0	1.0	1.0	0.026570048309178744	0.0	1.0	0.0	0.0	-0.10589625254812926	-0.044642986185156275	2.0111241559614466	-0.2875959797085166	0.21438246110200998	0.9963680090040573	0.9695310376779618	4.030961924666512	0.8192661192407229	1.160207188813458	0.02078879409095937	0.0	2.2729792390877903	0.0	0.0	0.02075748468555398	0.0	2.271624024609656	0.0	0.0	0.04106280193236715	0.0	1.0	0.0	0.0	0.043478260869565216	0.0	1.0	0.0	0.0
yfv_Q2_F1_vdbscan_grid_0001	results\redcea_runs\yfv_Q2_F1_vdbscan_grid_0001																						12719	64	0.005031842125953298	70	0.00550357732526142	44.53424011321645	9.0	8549.0	6.0	25.0	10.68228634326598	2.0	2049.0	1.0	6.0	33.85195376995047	7.0	6500.0	5.0	20.0	0.4256159230898351	0.3667733265309962	0.9990162360034538	0.1750551038858827	0.7003524338142261	0.6703760595147348	0.7334889842999593	0.999016236003454	0.5569584837026179	0.9062755728642934	-1.0698683801650346	-0.0392475609729846	10.311000457412364	-0.2305787865347172	0.1829539868236693	5.190262248081269e-05	9.717511928245892e-06	0.009955590970487916	4.858755964122946e-06	2.9152535784737677e-05	4.8223598953744304e-05	9.97180827346687e-06	0.009259536253933522	7.1227201953334795e-06	2.8490880781333918e-05	0.2290043810147239	0.2112676056338028	1.0	0.14705882352941174	0.3088153696767929	0.04403985485073643	0.18512425020555054	5.4705264690677975	-0.4375086684816605	0.6705510773757908	1.3364420691222794	1.1369148843130212	44.339680488207776	0.7384086362033025	1.5916808380382281	0.8953338346198019	0.13460640410245148	300.0	0.04273972552753919	0.2541771764076795	1.4577298054601133	1.0986122886681098	7.625595072132453	0.6931471805599453	1.9459101490553128	0.705798419578363	0.12831835208325126	13.153201068385501	0.0	1.2157828646902762	1.414573239955753	0.004016889123948522	657.660053419275	0.0	0.21055497591540695	60.81177765547606	2.0	13824.0	0.0	21.0	24.397547942486735	23.78810691833496	62.6841049194336	21.28095817565918	26.8178129196167	24.397547942486735	23.78810691833496	62.6841049194336	21.28095817565918	26.8178129196167	13.964541237518674	12.0	519.0	7.0	16.0	23.21271376068029	22.34232063293457	54.31654357910156	19.900452423095704	25.683147430419922	23.21271376068029	22.34232063293457	54.31654357910156	19.900452423095704	25.683147430419922	-0.08818064072508405	-0.08232101413896069	0.3252890605106877	-0.13318900734733977	-0.03900372141715111	0.0023726509171776555	0.0	0.3252890605106877	0.0	0.0	0.6572843777026496	1.0	1.0	0.0	1.0	0.0017296957307964462	0.0	1.0	0.0	0.0	0.04404269255388405	0.18512056190426665	5.470566050541123	-0.43753969924239294	0.6706190920420045	1.3364546661911851	1.1369119777533196	44.34089699890915	0.7383927540281757	1.5917558785720116	0.004462421622196874	0.0	1.5092391521613917	0.0	0.0	0.004461818107409465	0.0	1.5091931954545457	0.0	0.0	0.005031842125953298	0.0	1.0	0.0	0.0	0.00550357732526142	0.0	1.0	0.0	0.0
yfv_S1_F1_dbscan_grid_0000	results\redcea_runs\yfv_S1_F1_dbscan_grid_0000																						8202	50	0.0060960741282614	55	0.00670568154108754	16.760668129724458	7.0	1209.0	5.0	13.0	4.109729334308705	2.0	285.0	1.0	3.0	12.650938795415753	6.0	998.0	4.0	10.0	0.4392909179185264	0.3325118614070845	0.9949484944310348	0.1583466062615839	0.7617604279166974	0.6783044410361826	0.6530800496314434	0.9949484944310348	0.5353499029503345	0.9838767014915614	-1.127581011519206	0.00983685179889875	10.67226888111126	-0.18506361499428897	0.2920576394720349	2.9408354628784194e-05	1.4311577350497684e-05	0.00203939977244592	7.155788675248842e-06	2.1467366025746526e-05	2.310428994812559e-05	1.095774328929538e-05	0.0018226379671194648	7.305162192863588e-06	1.8262905482158965e-05	0.23830268262196763	0.2070197044334976	1.0	0.14285714285714285	0.3333333333333333	0.3396073080163792	0.3852319768068071	6.6140506673026875	-0.1622558184956855	1.1221975709730128	1.7141778027655754	1.3060697784806352	97.95523338604768	0.8936266905393825	2.1767829641343908	1.2678579380519759	0.18503358291710925	300.0	0.007059323537139825	0.2713622717187191	1.1468268624733549	1.0986122886681098	5.655991810819852	0.6931471805599453	1.3862943611198906	0.936177509651424	0.2670224585851726	16.96470500931608	0.0	1.6311839864998658	2.509831310433606	0.001884997926835253	848.235250465804	0.0	0.4426417921678	17.872104364789077	2.0	1891.0	0.0	6.0	20.169255118699205	19.781496047973636	41.01947784423828	17.908212661743164	22.028246879577637	20.169255118699205	19.781496047973636	41.01947784423828	17.908212661743164	22.028246879577637	10.896366739819555	12.0	140.0	7.0	15.0	19.536447078321746	19.120096969604496	44.13915252685547	16.946239471435547	21.69398260116577	19.536447078321746	19.120096969604496	44.13915252685547	16.946239471435547	21.69398260116577	-0.07344199449603929	-0.06647807313569609	0.3277699295574082	-0.1143245557811382	-0.026679768298877433	0.002704189704031886	0.0	0.3277699295574082	0.0	0.0	0.5976591075347476	1.0	1.0	0.0	1.0	0.0010972933430870519	0.0	1.0	0.0	0.0	0.3396125606203727	0.3852279168658761	6.614170711217017	-0.16227149574199373	1.1222038347267933	1.7141998371786213	1.3060661030270286	97.96338439408741	0.8936169798734276	2.176792415100627	0.006693872980700263	0.0	3.002574667801087	0.0	0.0	0.006693275974667408	0.0	3.0024917416541843	0.0	0.0	0.0060960741282614	0.0	1.0	0.0	0.0	0.00670568154108754	0.0	1.0	0.0	0.0
yfv_S1_F1_leiden_grid_0002	results\redcea_runs\yfv_S1_F1_leiden_grid_0002																						389	27	0.06940874035989718	27	0.06940874035989718	1766.6221079691518	1434.0	6567.0	844.0	2467.0	359.1850899742931	290.0	1403.0	167.0	493.0	1407.4370179948587	1143.0	5538.0	664.0	1980.0	0.1405290578167151	0.0019479993408384	0.9834005042027664	8.112146154815036e-08	0.1184122343566205	0.15840210652074468	0.0038860089414674	0.9834005042027664	3.220025361452091e-07	0.1577478053586485	3.85809466965355e-05	-0.0173478127242779	0.6899976480137842	-0.0916419301929556	0.0837816969384757	0.0025702525991562826	0.002075178715822164	0.010039571511374126	0.0011950167087665564	0.0035278038168976788	0.002570388923173177	0.00208745009661077	0.010113997056019636	0.0012126569240153554	0.0036160552854674756	0.20770918645833752	0.19693221177634834	0.5555555555555556	0.1712707182320442	0.2363636363636364	0.0037116277661737272	-0.05626127776765344	2.2597010947229474	-0.3027511774044829	0.2806085843982853	1.0576401218852944	0.9617532615790568	4.78892252109566	0.8107049306594427	1.2147071866632302	32.27159528158104	2.4104962044502134	300.0	0.8020366740949771	6.492140707715559	5.540658528915975	5.673323267171493	7.247080584585756	5.123963979403259	6.202535517187923	0.8921727587389273	0.0	5.510125179530097	0.0	1.6154763857970067	19.068039408051476	0.0	275.5062589765049	0.0	3.8215840451775027	2466.344473007712	1937.0	9768.0	1151.0	3409.0	32.12801643655968	32.641788482666016	61.21469116210938	27.4002628326416	36.26622772216797	32.12801643655968	32.641788482666016	61.21469116210938	27.4002628326416	36.26622772216797	47.958868894601544	34.0	279.0	13.0	68.0	30.344533311442323	26.806908893585206	98.48696899414062	22.465155267715453	35.00808401107788	30.344533311442323	26.806908893585206	98.48696899414062	22.465155267715453	35.00808401107788	-0.09030359134486328	-0.13105951814816807	0.6094657737196366	-0.21414970518602988	-0.013168352588382887	0.05002470363055404	0.0	0.6094657737196366	0.0	0.0	0.9768637532133676	1.0	1.0	1.0	1.0	0.02313624678663239	0.0	1.0	0.0	0.0	0.00370772029785257	-0.05643306839443341	2.2597383300041134	-0.30358432458082873	0.28113564273470537	1.057813938412232	0.9616387464844413	4.789046122530932	0.8102368888958766	1.2151510354953696	0.04100700045334054	0.0	1.5815861330818342	0.0	0.0	0.0409113296843667	0.0	1.5780557909878223	0.0	0.0	0.06940874035989718	0.0	1.0	0.0	0.0	0.06940874035989718	0.0	1.0	0.0	0.0
yfv_S1_F1_vdbscan_grid_0001	results\redcea_runs\yfv_S1_F1_vdbscan_grid_0001																						8794	53	0.006026836479417785	60	0.006822833750284285	46.656697748464865	10.0	6704.0	6.0	27.0	10.071184898794632	2.0	1269.0	1.0	6.0	36.58551284967023	8.0	5435.0	5.0	21.0	0.43865451914509734	0.3639438316127497	0.9964282006092701	0.1583466062615839	0.7296076848270332	0.697565387192697	0.7163826664318078	0.9964282006092701	0.5716338487127952	0.965418293766014	-1.0836114699632433	-0.008972355974799	10.67226888111126	-0.1850636152355637	0.1951476264856932	7.206727084513179e-05	1.4311577350497684e-05	0.00908069582889078	7.155788675248842e-06	4.2934732051493045e-05	6.681577631898398e-05	1.4610324385727176e-05	0.0099258891295534	9.131452741079482e-06	3.835210151253384e-05	0.21541680722029666	0.2	1.0	0.14285714285714285	0.2857142857142857	0.14452043374437887	0.25398744352855473	6.6140506673026875	-0.35173361735940034	0.7790634844660334	1.4525859400709074	1.1924984933953628	97.95523338604768	0.7836418670883805	1.7160166147280411	1.2929046411081233	0.14485493086891466	300.0	0.015284475968581625	0.2428820628167811	1.4322429243304162	1.0986122886681098	7.146772179452637	0.6931471805599453	1.9459101490553128	0.7720402586481333	0.2670224585851726	16.96470500931608	0.0	1.232860041784455	2.08136384889819	0.0017162380679667806	848.235250465804	0.0	0.2037266413267012	56.670343415965434	2.0	8625.0	0.0	21.0	25.462236211629182	25.24771785736084	44.32027816772461	22.56211519241333	28.054264068603516	25.462236211629182	25.24771785736084	44.32027816772461	22.56211519241333	28.054264068603516	13.828292017284513	12.0	258.0	7.0	16.0	23.898354032986052	23.478132247924805	46.38607406616211	20.817950439453124	26.566539001464843	23.898354032986052	23.478132247924805	46.38607406616211	20.817950439453124	26.566539001464843	-0.09424934426139978	-0.08740225801073787	0.4230324869396727	-0.14038060585148399	-0.04110692101024429	0.0023495412457890837	0.0	0.4230324869396727	0.0	0.0	0.6424835114851035	1.0	1.0	0.0	1.0	0.001364566750056857	0.0	1.0	0.0	0.0	0.14452417033637202	0.2539855873529131	6.614170711217017	-0.3517512826067151	0.7791925736604703	1.4526064246220842	1.1924969591243149	97.96338439408741	0.7836322717530921	1.7161701571233428	0.005243768226320752	0.0	2.4910339196903832	0.0	0.0	0.0052428147831345565	0.0	2.4909518034337714	0.0	0.0	0.006026836479417785	0.0	1.0	0.0	0.0	0.006822833750284285	0.0	1.0	0.0	0.0
yfv_S2_F1_dbscan_grid_0000	results\redcea_runs\yfv_S2_F1_dbscan_grid_0000																						11025	91	0.008253968253968255	104	0.00943310657596372	16.706213151927436	7.0	1686.0	5.0	12.0	5.673015873015873	2.0	654.0	1.0	4.0	11.033197278911565	5.0	1106.0	4.0	8.0	0.39356882362931966	0.4197666645661626	0.99764171363666	0.1030584053797829	0.6738784109383635	0.5845867069276725	0.7057551702040002	0.99764171363666	0.4103354710408475	0.8014302410178559	-0.6378222125394304	0.0961071985730857	10.323708277107423	-0.1814417009410489	0.2609174472085283	2.0541752808110485e-05	7.2419162110294375e-06	0.0023681066010066264	3.6209581055147187e-06	1.4483832422058875e-05	1.5167241212851116e-05	6.8734569089239455e-06	0.001520408668253977	5.498765527139157e-06	1.0997531054278314e-05	0.31820530860584983	0.32142857142857145	1.0	0.2	0.4090909090909091	0.3064062653091896	0.3519397244682665	5.484726556228095	-0.18769878574340024	0.9118368878075174	1.6699085729673506	1.276275445163202	44.778259767534436	0.8780050934810676	1.8814394860308636	2.854817418354445	0.1513459316254738	300.0	0.09613427400789827	0.3868609392566833	1.3392438533310347	1.0986122886681098	6.4846352356352535	0.6931471805599453	1.6094379124341005	1.0391183840736802	0.6034312654908084	12.051175989313016	0.0	1.5350510877846195	4.6839601009057885	0.058010426621626185	602.5587994656507	0.0	0.4991455926978055	26.988208616780046	2.0	4414.0	0.0	12.0	17.247246139969903	16.884835243225098	37.07980728149414	15.100420713424683	18.897241115570072	17.247246139969903	16.884835243225098	37.07980728149414	15.100420713424683	18.897241115570072	12.723446712018141	12.0	236.0	7.0	15.0	16.524205258146246	15.94791316986084	37.07980728149414	14.042367553710935	18.40712547302246	16.524205258146246	15.94791316986084	37.07980728149414	14.042367553710935	18.40712547302246	-0.07920770874542163	-0.0702392132725353	0.5053578341723923	-0.1226718924853917	-0.029418566773838358	0.002707667610624903	0.0	0.5053578341723923	0.0	0.0	0.7065759637188208	1.0	1.0	0.0	1.0	0.00199546485260771	0.0	1.0	0.0	0.0	0.30641240086916083	0.35196305992166543	5.484766727927253	-0.18770311520011876	0.9118397655766302	1.6699258772228422	1.2762960889626167	44.77950663105959	0.8780024586350057	1.8814432389749625	0.007684873968174412	0.0	2.486569311603705	0.0	0.0	0.007684321206452898	0.0	2.486503069320905	0.0	0.0	0.008253968253968255	0.0	1.0	0.0	0.0	0.00943310657596372	0.0	1.0	0.0	0.0
yfv_S2_F1_leiden_grid_0002	results\redcea_runs\yfv_S2_F1_leiden_grid_0002																						449	31	0.06904231625835189	36	0.0801781737193764	2234.988864142539	1839.0	8516.0	1090.0	3024.0	615.0	480.0	2755.0	255.0	855.0	1619.988864142539	1316.0	6107.0	755.0	2244.0	0.06066930734931266	2.820410571757748e-12	0.9113289822881504	0.0	0.0011128369197814	0.06369144314834431	5.628285985418794e-12	0.9113289822881504	0.0	0.0014826818308067	-0.011179074915115057	-0.0087102615538826	0.8977395446360901	-0.1532319839222534	0.1195882944282323	0.0022268892348915525	0.0017380598906470651	0.009975739580693052	0.0009233443169062533	0.003095919180215085	0.0022269847301240784	0.0018090938584287828	0.00839524026855971	0.0010378919932475161	0.003084807460725067	0.28203506176873644	0.27119550682000537	0.75	0.21059559065482067	0.3333333333333333	-0.03632679362862399	-0.02848834022085533	2.7757753382314867	-0.5081996223967895	0.4013627310739841	1.1317414015411653	0.9804470746687332	6.848439729152332	0.7030993069905703	1.3207548714150548	127.17902341544274	11.249623843232007	300.0	2.828952034372733	300.0	6.016426647809156	6.175867270105761	7.921535632133549	5.545177444479562	6.752270376141743	1.6222403580767366	0.0	10.476259759649766	0.0	2.515362160875751	61.14112485717024	0.0	523.8129879824884	0.0	23.53267355736752	4247.890868596882	3326.0	19121.0	1735.0	5903.0	28.625098204984432	28.89308738708496	50.46672172546385	24.20344352722168	33.102615356445305	28.625098204984432	28.89308738708496	50.46672172546385	24.20344352722168	33.102615356445305	57.12249443207127	38.0	349.0	14.0	78.0	27.120809864775044	23.704023361206055	107.58927917480469	20.48559694290161	30.143294858932492	27.120809864775044	23.704023361206055	107.58927917480469	20.48559694290161	30.143294858932492	-0.08640435133088292	-0.11541580625264386	0.68378507726099	-0.18947262940219328	-0.03808189387925181	0.042782806555391996	0.0	0.68378507726099	0.0	0.0	0.9532293986636972	1.0	1.0	1.0	1.0	0.0467706013363029	0.0	1.0	0.0	0.0	-0.036328056844901896	-0.028597677195580932	2.7758010952845265	-0.5096197495754051	0.4028180531401224	1.1321733456120868	0.9803727727185928	6.848561998374162	0.7024075466861068	1.3220878582579656	0.054481635493473644	0.0	2.1899857330418717	0.0	0.0	0.05441672792813679	0.0	2.188862936706172	0.0	0.0	0.06904231625835189	0.0	1.0	0.0	0.0	0.0801781737193764	0.0	1.0	0.0	0.0
yfv_S2_F1_vdbscan_grid_0001	results\redcea_runs\yfv_S2_F1_vdbscan_grid_0001																						14722	161	0.010936014128515147	174	0.011819046325227551	36.59760902051352	9.0	4083.0	6.0	23.0	10.805597065616086	3.0	1289.0	1.0	6.0	25.792011954897433	6.0	2794.0	4.0	17.0	0.3772684947480678	0.3721240695404308	0.99764171363666	0.0957269816688444	0.6738784109383635	0.5651325778960535	0.6876017492142651	0.99764171363666	0.3806841232114337	0.8067366373550728	-0.8055938884914953	-0.0130372708381951	10.323708277107423	-0.2483884907836392	0.2445270310417024	3.9126614279668626e-05	1.0862874316544155e-05	0.004667414998008473	3.6209581055147187e-06	2.1725748633088314e-05	3.5456056553287756e-05	8.248148290708736e-06	0.0038408877207067008	5.498765527139157e-06	2.3369753490341423e-05	0.28146311770876076	0.2692307692307692	1.0	0.17647058823529413	0.4	0.03023001090265371	0.04520066758911856	5.484726556228095	-0.4772054029383845	0.8602844627331558	1.3894270042511252	1.0318267106048309	44.778259767534436	0.7183678037572374	1.8153962919904691	3.059688062332648	0.1626630271665781	300.0	0.09326821944251773	0.4194352354668204	1.5436565184891344	1.3862943611198906	7.162397497355718	0.6931471805599453	1.9459101490553128	0.836718934974898	0.12121154414834427	12.051175989313016	0.0	1.1172277272082356	4.29089028792776	0.0010576873960800853	602.5587994656507	0.0	0.21797626615797325	61.15976090205135	6.0	8843.0	0.0	26.0	21.9212632296889	21.47087574005127	61.622337341308594	18.547828674316406	24.800867080688477	21.9212632296889	21.47087574005127	61.622337341308594	18.547828674316406	24.800867080688477	14.4798261105828	12.0	363.0	7.0	16.0	20.900853716252158	20.27053451538086	57.23010635375977	17.53954792022705	23.671415328979492	20.900853716252158	20.27053451538086	57.23010635375977	17.53954792022705	23.671415328979492	-0.08503721669345277	-0.07943843928364039	0.5053578341723923	-0.12828251505497074	-0.03803306969624975	0.0030561267573755544	0.0	0.5053578341723923	0.0	0.0	0.7160711859801657	1.0	1.0	0.0	1.0	0.0014943621790517593	0.0	1.0	0.0	0.0	0.03023368954596277	0.045208029768267544	5.484766727927253	-0.477217859902785	0.8603527990747986	1.3894435236477247	1.0318319753445513	44.77950663105959	0.7183616010302089	1.815482291280945	0.006829488219844302	0.0	2.3683495779607484	0.0	0.0	0.0068286176774825635	0.0	2.3674454619904433	0.0	0.0	0.010936014128515147	0.0	1.0	0.0	0.0	0.011819046325227551	0.0	1.0	0.0	0.0
