cluster_id	cluster_size	sample	background	enrichment_pvalue_zbinom	enrichment_fdr_zbinom	log_fold_change	sample_usage	background_usage	sample_fraction_in_cluster	log2fc_smooth	fc_smooth	minus_log10_fdr	support_log	enrichment_support_score	enrichment_stat_score	internal_edges_n	internal_mreach_q90	cohesion	external_edges_n	external_mreach_q10	separation	density_validity	geometry_score	has_density_validity	is_sample_knn_closed	log2_odds	odds_ratio	dbcv_with_odds	redcea_auxiliary_validity	is_good_candidate	is_good_candidate_relaxed
0	35	34	1	0.0	0.0	3.575791166307228	0.03765227021040975	1e-05	0.9714285714285714	11.314620253012965	2547.0653377630097	300.0	3.5553480614894135	40.2274131830385	2011.370659151925	238	26.658613204956055	26.658613204956055	0					False	True	11.369152999693998	2645.18516388729			False	True
1	46	33	13	0.0	0.0	2.448882837237298	0.036544850498338874	0.00013	0.717391304347826	8.102259985250258	274.8041507731432	300.0	3.5263605246161616	28.571489772163634	1428.5744886081818	231	27.37282371520996	27.37282371520996	0					False	True	8.154961326927909	285.02829365839125			False	True
2	36	31	5	0.0	0.0	2.836703939111899	0.03433001107419712	5e-05	0.8611111111111112	9.308906601818572	634.2494714587735	300.0	3.4657359027997265	32.262211825732024	1613.1105912866012	217	21.615875244140625	21.615875244140625	0					False	True	9.358412535464804	656.3914040114616			False	True
3	22	21	1	0.0	0.0	3.3665315440068	0.023255813953488372	1e-05	0.9545454545454546	10.632360550936895	1587.3015873015866	300.0	3.091042453358316	32.865077842358154	1643.2538921179078	147	27.771282196044922	27.771282196044922	0					False	True	10.665483046765972	1624.1656279508968			False	True
4	14	14	0	0.0	0.0	12.190440285395754	0.015503875968992248	0.0	1.0	11.649039292083526	3211.5171650055368	300.0	2.70805020110221	31.546183197574337	1577.3091598787169	97	27.75351905822754	27.75351905822754	1	34.91854476928711	34.91854476928711	0.2051925633900307	0.2051925633900307	True	False	11.670777887754394	3260.2748735244495	6.485121719253653	6.473042195481794	True	True
5	91	67	24	0.0	0.0	2.490175810664101	0.07419712070874862	0.00024	0.7362637362637363	8.253164049891575	305.1054308766694	300.0	4.219507705176107	34.82428930059994	1741.2144650299972	468	23.735111236572266	23.735111236572266	1	38.06616973876953	38.06616973876953	0.3764775547564852	0.3764775547564852	True	False	8.363185424156814	329.28327457701556	13.285337729853422	13.110563282022298	True	True
6	9	9	0	0.0	0.0	11.998554759174072	0.009966777408637873	0.0	1.0	11.03898581039954	2104.097452934663	300.0	2.302585092994046	25.418204168798777	1270.9102084399387	63	21.278841018676758	21.278841018676758	0					False	True	11.05263752928566	2124.1022917831187			False	True
7	44	41	3	0.0	0.0	3.179974851552395	0.04540420819490587	3e-05	0.9318181818181818	10.358742806245274	1313.0833728840375	300.0	3.7376696182833684	38.71755827051437	1935.8779135257184	287	16.59787902832034	16.59787902832034	0					False	True	10.424908269346368	1374.7068322981377			False	True
8	22	15	7	0.0	0.0	2.3753054686948296	0.016611295681063124	7e-05	0.6818181818181818	7.83836401173431	228.86674049464742	300.0	2.772588722239781	21.732559659744716	1086.6279829872358	105	19.11509132385254	19.11509132385254	0					False	True	7.8616244449610075	232.58664415681866			False	True
9	10	8	2	0.0	0.0	2.646372240851596	0.008859357696566999	2e-05	0.8	8.55659304331893	376.52270210409733	300.0	2.1972245773362196	18.800756533044474	940.0378266522237	52	34.507781982421875	34.507781982421875	4	34.507781982421875	34.507781982421875	0.0	0.0	True	False	8.56860395822591	379.6704634282527	0.0	0.0	False	False
10	11	11	0	0.0	0.0	12.0857049348842	0.012181616832779624	0.0	1.0	11.314620253012967	2547.065337763013	300.0	2.4849066497880004	28.115775106537907	1405.7887553268954	77	27.4206600189209	27.4206600189209	0					False	True	11.331501285034534	2577.0436974789927			False	True
11	5	4	1	0.0	0.0	2.646372240688736	0.004429678848283499	1e-05	0.8	8.376020797677109	332.22591362126224	300.0	1.6094379124341003	13.480685427118054	674.0342713559027	12	35.92597579956055	35.92597579956055	16	34.32188606262207	34.32188606262207	-0.044649858528215625	0.0	True	False	8.381616290413248	333.5169538632575	0.0	0.0	False	False
12	177	2	175	0.7382276574341777	0.8448223432300611	0.1023041968788465	0.0022148394241417496	0.00175	0.011299435028248588	0.6576591715387554	1.5775209573659188	0.07323460876243354	1.0986122886681098	0.7225124476077651	0.05291291642654294	2	58.977230072021484	58.977230072021484	12	49.75782012939453	49.75782012939453	-0.15632151478406914	0.0	True	False	0.6575379656610529	1.5773884298565397	0.0	0.0	False	False
13	86	33	53	0.0	0.0	1.8385503199685589	0.036544850498338874	0.00053	0.38372093023255816	6.115680501012578	69.34310346612017	300.0	3.5263605246161616	21.566094299935546	1078.3047149967774	231	23.546039581298828	23.546039581298828	0					False	True	6.167804577054845	71.894254564194			False	True
14	72	7	65	0.0	0.0	1.076496933113256	0.007751937984496124	0.00065	0.09722222222222222	3.664525891027022	12.680378382490938	300.0	2.0794415416798357	7.620167368362905	381.00836841814527	36	39.00480270385742	39.00480270385742	13	33.21767044067383	33.21767044067383	-0.1483697355713395	0.0	True	False	3.6740174571104243	12.764078285784834	0.0	0.0	False	False
15	1366	13	1353	0.821690005518886	0.8448223432300611	0.0269578054287943	0.014396456256921373	0.01353	0.00951683748169839	0.14346662690445822	1.1045560482420989	0.07323460876243354	2.6390573296152584	0.3786166532873881	0.027727842474443813	88	38.80295181274414	38.80295181274414	3	40.759481811523436	40.759481811523436	0.04800183691800884	0.04800183691800884	True	False	0.14393139793306364	1.1049119435190689	0.018233171853331287	0.0181742948455435	False	False
16	7	2	5	0.0	0.0	1.646372241144745	0.0022148394241417496	5e-05	0.2857142857142857	5.653554773206018	50.337259639585206	300.0	1.0986122886681098	6.2110647485023796	310.553237425119	2	51.7990608215332	51.7990608215332	12	51.8770637512207	51.8770637512207	0.0015036111153392821	0.0015036111153392821	True	False	5.655888346516923	50.418746533555186	0.009342880790202611	0.00933902599394016	False	False
17	11	11	0	0.0	0.0	12.0857049348842	0.012181616832779624	0.0	1.0	11.314620253012967	2547.065337763013	300.0	2.4849066497880004	28.115775106537907	1405.7887553268954	71	28.702848434448242	28.702848434448242	6	31.44017219543457	31.44017219543457	0.08706452827201167	0.08706452827201167	True	False	11.331501285034534	2577.0436974789927	2.4515388610901465	2.4478866966526915	True	True
18	24	8	16	0.0	0.0	1.7432822540496564	0.008859357696566999	0.00016	0.3333333333333333	5.834127018847839	57.048894258196576	300.0	2.1972245773362196	12.818887273113763	640.9443636556881	53	43.668426513671875	43.668426513671875	3	47.56636047363281	47.56636047363281	0.08194728209490942	0.08194728209490942	True	False	5.845935939279234	57.51777405546251	1.0525992453658122	1.0504729715126977	True	True
19	8	5	3	0.0	0.0	2.2661609992449447	0.005537098560354375	3e-05	0.625	7.443134993535647	174.02309761113756	300.0	1.791759469228055	13.336307605410193	666.8153802705096	18	38.79342269897461	38.79342269897461	17	29.633403778076172	29.633403778076172	-0.2361229889916508	0.0	True	False	7.450306409679691	174.89029334605297	0.0	0.0	False	False
20	85	2	83	0.1484422738556152	0.4453268215668458	0.4262641531863163	0.0022148394241417496	0.00083	0.023529411764705882	1.7292820993692644	3.3156278804517227	0.3513211469804257	1.0986122886681098	1.8998105649408612	0.6674436267205539	2	70.67808532714844	70.67808532714844	12	70.5432357788086	70.5432357788086	-0.001907940031420831	0.0	True	False	1.7304898807716924	3.3184047877622476	0.0	0.0	False	False
21	26	1	25	0.1031538455044014	0.3245572212211655	0.6463722414313794	0.0011074197120708748	0.00025	0.038461538461538464	2.7035954557056137	6.514233600416909	0.4887087236099924	0.6931471805599453	1.8739895674970266	0.9158350495899136	0			7	65.06413269042969	65.06413269042969			False	False	2.704041007820962	6.516245722665793			False	False
22	27	2	25	0.0001879423118851	0.0008658770797564	0.9474022368782132	0.0022148394241417496	0.00025	0.07407407407407407	3.4405610498718193	10.857056000694845	3.062543756218805	1.0986122886681098	3.779842649302034	11.575933505109491	2	47.991973876953125	47.991973876953125	12	48.48701820373535	48.48701820373535	0.010209832345270732	0.010209832345270732	True	False	3.442606042329361	10.872456581079467	0.038614497699963723	0.038591559740877725	False	False
23	12	12	0	0.0	0.0	12.12349349577031	0.013289036544850499	0.0	1.0	11.43491448673068	2768.54928017719	300.0	2.5649493574615367	29.329976565367474	1466.4988282683737	80	31.33295440673831	31.33295440673831	4	32.08013153076172	32.08013153076172	0.02329096198707724	0.02329096198707724	True	False	11.453412890043712	2804.2765002804254	0.6842284664322335	0.68312336926584	True	True
24	1503	3	1500	0.0038899849325391	0.0167269352099181	-0.6546577545050493	0.0033222591362126247	0.015	0.001996007984031936	-1.9528143845847303	0.2583118288735797	1.7765836252869427	1.3862943611198906	0.0	0.0	6	67.72432708740234	67.72432708740234	15	65.18199157714844	65.18199157714844	-0.037539472440573214	0.0	True	False	-1.9706117200220028	0.2551448240184977	0.0	0.0	False	False
25	6	1	5	6.995194950620842e-06	3.342148698629958e-05	1.3453422456979112	0.0011074197120708748	5e-05	0.16666666666666666	4.916589179039812	30.20235578375113	4.4759742314151545	0.6931471805599453	3.407919927422982	15.253761777871471	0			7	69.86193084716797	69.86193084716797			False	False	4.917323312008524	30.21772853185593			False	False
26	49	2	47	0.0155592794356691	0.0608226377939793	0.6732443876226648	0.0022148394241417496	0.00047	0.04081632653061224	2.5431307835123675	5.828524800373024	1.2159347490302925	1.0986122886681098	2.7939147304568452	3.3972180065900814	2	75.28193664550781	75.28193664550781	12	74.48763275146484	74.48763275146484	-0.010551055531199144	0.0	True	False	2.544858270345136	5.835508071343088	0.0	0.0	False	False
27	118	1	117	0.9561303894909264	0.9561303894909264	-0.0238736116290848	0.0011074197120708748	0.00117	0.00847457627118644	0.4995038511121095	1.4137272920053716	0.01948287804290482	0.6931471805599453	0.3462296860771934	0.00674555074867518	0			7	93.70358276367188	93.70358276367188			False	False	0.49862118730386484	1.4128626156657038			False	False
28	6	5	1	0.0	0.0	2.7432822536750776	0.005537098560354375	1e-05	0.8333333333333334	8.665527414872093	406.05389442598704	300.0	1.791759469228055	15.52654080145238	776.3270400726191	20	35.409767150878906	35.409767150878906	15	35.29938888549805	35.29938888549805	-0.003117170042676196	0.0	True	False	8.672727685349773	408.085512891857	0.0	0.0	False	False
29	10	10	0	0.0	0.0	12.044312249729924	0.01107419712070875	0.0	1.0	11.183375719734714	2325.581395348838	300.0	2.3978952727983707	26.81656377227995	1340.8281886139976	68	28.0599184036255	28.0599184036255	2	33.96037368774414	33.96037368774414	0.17374529910570558	0.17374529910570558	True	False	11.198641191631253	2350.319529938446	4.665611840779242	4.659251893602008	True	True
30	10	6	4	0.0	0.0	2.220403508705984	0.006644518272425249	4e-05	0.6	7.321573013654734	159.96062507690425	300.0	1.9459101490553132	14.247123234320243	712.3561617160121	30	34.436622619628906	34.436622619628906	12	31.064450645446776	31.064450645446776	-0.09792400408801963	0.0	True	False	7.330336567215075	160.93525224388728	0.0	0.0	False	False
31	15	10	5	0.0	0.0	2.345342245307046	0.01107419712070875	5e-05	0.6666666666666666	7.723944101097416	211.41649048625786	300.0	2.3978952727983707	18.521209047380356	926.0604523690179	70	31.954557418823242	31.954557418823242	0					False	True	7.739137436799171	213.65472859541129			False	True
32	76	75	1	0.0	0.0	3.9193735126496905	0.08305647840531562	1e-05	0.9868421052631579	12.444500535559875	5574.012550756733	300.0	4.330733340286331	53.89381337256025	2694.6906686280126	524	26.427894592285156	26.427894592285156	1	33.670799255371094	33.670799255371094	0.2151093773614704	0.2151093773614704	True	False	12.568717612326044	6075.205994769661	11.70878295056521	11.593064638206723	True	True
33	615	2	613	0.131734910068447	0.4046143666388017	-0.4421182289515009	0.0022148394241417496	0.00613	0.0032520325203252032	-1.147933141819589	0.45127127631249997	0.39295870080104345	1.0986122886681098	0.0	0.0	2	62.35365676879883	62.35365676879883	12	56.31947364807129	56.31947364807129	-0.09677352433557654	0.0	True	False	-1.1543983257120711	0.4492535080308517	0.0	0.0	False	False
34	736	1	735	0.0280796642452496	0.1006187968788112	-0.8219750889639971	0.0011074197120708748	0.00735	0.001358695652173913	-2.1465607335777204	0.22585038315517503	0.9973208799343137	0.6931471805599453	0.0	0.0	0			7	87.69683074951172	87.69683074951172			False	False	-2.1563973805567436	0.22431571791477323			False	False
35	5	2	3	0.0	0.0	1.868220990703196	0.0022148394241417496	3e-05	0.4	6.3056314697857125	79.10140800506254	300.0	1.0986122886681098	6.927444220518939	346.3722110259469	2	61.96827697753906	61.96827697753906	12	58.26409912109375	58.26409912109375	-0.05977538891048921	0.0	True	False	6.307993898007357	79.23104349893039	0.0	0.0	False	False
36	13	1	12	0.006752177022486	0.0280977689000227	0.9651310040369728	0.0011074197120708748	0.00012	0.07692307692307693	3.7321646079023854	13.289036544850502	1.5513281638272174	0.6931471805599453	2.586939375353152	4.013191911098934	0			7	74.44619750976562	74.44619750976562			False	False	3.7327977441384554	13.294869806094185			False	False
37	6	3	3	0.0	0.0	2.0443122496864943	0.0033222591362126247	3e-05	0.5	6.7910582969559545	110.74197120708756	300.0	1.3862943611198906	9.414405823106486	470.72029115532433	6	34.540794372558594	34.540794372558594	15	33.312294006347656	33.312294006347656	-0.03556665063809118	0.0	True	False	6.7950219407036645	111.0466407551361	0.0	0.0	False	False
38	191	0	191	0.1886626126960524	0.540832823062017	-9.236721117563508	0.0	0.00191	0.0	-1.7901422849690025	0.2891435279558422	0.2669369590003308	0.0	0.0	0.0	0			0					False	False	-1.7936918535231712	0.2884330013394388			False	False
39	73	0	73	0.416675921993743	0.8448223432300611	-8.81901061043991	0.0	0.00073	0.0	-0.4086140478804108	0.7533467429053571	0.07323460876243354	0.0	0.0	0.0	0			0					False	False	-0.41045899451044576	0.7523839641003058			False	False
40	88	0	88	0.3724903283064753	0.8448223432300611	-8.900170422468609	0.0	0.00088	0.0	-0.676547253127044	0.6256608542773304	0.07323460876243354	0.0	0.0	0.0	0			0					False	False	-0.6786087772756346	0.6247674611288804			False	False
41	627	0	627	0.0169887704405393	0.0644573937302817	-9.752955291144914	0.0	0.00627	0.0	-3.50241335188218	0.08824061450763948	1.1907272587281226	0.0	0.0	0.0	0			0					False	False	-3.5122788815622004	0.08763926033552567			False	False
42	175	0	175	0.2083261829184279	0.5717888850314299	-9.198725799002284	0.0	0.00175	0.0	-1.6642689233486063	0.3155041914731839	0.24276429111939712	0.0	0.0	0.0	0			0					False	False	-1.6675872386585677	0.31477934023589826			False	False
43	57	0	57	0.4729808457540367	0.8448223432300611	-8.711562605993617	0.0	0.00057	0.0	-0.05443175398842115	0.9629736626703264	0.07323460876243354	0.0	0.0	0.0	0			0					False	False	-0.056045720429199974	0.9618969707177403			False	False
44	27	0	27	0.6214206888548823	0.8448223432300611	-8.387051514488578	0.0	0.00027	0.0	1.0096985834312946	2.0134903855834096	0.07323460876243354	0.0	0.0	0.0	0			0					False	False	1.0085176051961362	2.0118428334255674			False	False
45	299	0	299	0.0998418982265052	0.3219901217804793	-9.431358938639388	0.0	0.00299	0.0	-2.435353895832831	0.18487808214872714	0.49215745166452546	0.0	0.0	0.0	0			0					False	False	-2.440465394101505	0.18422421431032898			False	False
46	63	0	63	0.4505576502865334	0.8448223432300611	-8.755028299773981	0.0	0.00063	0.0	-0.19762638981621272	0.8719840252526572	0.07323460876243354	0.0	0.0	0.0	0			0					False	False	-0.19932696949434536	0.8709567778847794			False	False
47	436	0	436	0.0467511802884099	0.1546385194155099	-9.595174239583088	0.0	0.00436	0.0	-2.9787795466734863	0.1268522006954038	0.8106823171064581	0.0	0.0	0.0	0			0					False	False	-2.9858748179063763	0.12622986464119748			False	False
48	921	0	921	0.003764743668241	0.0167269352099181	-9.919947380510829	0.0	0.00921	0.0	-4.056782058674759	0.06008788453992811	1.7765836252869427	0.0	0.0	0.0	0			0					False	False	-4.070922178835351	0.05950182881367181			False	False
49	46	0	46	0.5191552662548435	0.8448223432300611	-8.61844558200452	0.0	0.00046	0.0	0.25189948584792177	1.1907738839471769	0.07323460876243354	0.0	0.0	0.0	0			0					False	False	0.2504442968382925	1.1895734033120906			False	False
50	216	0	216	0.1620810493597015	0.4751921674409433	-9.290141501466447	0.0	0.00216	0.0	-1.96716491777077	0.2557551298085164	0.3231307264132514	0.0	0.0	0.0	0			0					False	False	-1.9710758937441089	0.2550627467469976			False	False
51	7	0	7	0.8014857173970404	0.8448223432300611	-7.800785790389805	0.0	7e-05	0.0	2.884167701347435	7.382798080472499	0.07323460876243354	0.0	0.0	0.0	0			0					False	False	2.8832753097382113	7.378232798376688			False	False
52	153	0	153	0.2394707076129409	0.6304432914708038	-9.140379181133945	0.0	0.00153	0.0	-1.4710365484142258	0.360723033247842	0.2003539722295672	0.0	0.0	0.0	0			0					False	False	-1.4740369510266458	0.3599736096865432			False	False
53	509	0	509	0.0316052050821415	0.1101911204215207	-9.662405532651118	0.0	0.00509	0.0	-3.2018800392098594	0.1086771061894873	0.957853401013363	0.0	0.0	0.0	0			0					False	False	-3.2100334723942243	0.10806464664457761			False	False
54	37	0	37	0.5631767275310369	0.8448223432300611	-8.523889474392238	0.0	0.00037	0.0	0.5622396064600732	1.4765596160945005	0.07323460876243354	0.0	0.0	0.0	0			0					False	False	0.5609143132614918	1.4752038369304552			False	False
55	13	0	13	0.7318659199419282	0.8448223432300611	-8.06963110265375	0.0	0.00013	0.0	2.0361707947924863	4.101554489151392	0.07323460876243354	0.0	0.0	0.0	0			0					False	False	2.035191833256638	4.09877226423989			False	False
56	101	0	101	0.3393323584389911	0.8106273007153677	-8.960009124100448	0.0	0.00101	0.0	-0.874277620229222	0.545526951759052	0.09117877395926714	0.0	0.0	0.0	0			0					False	False	-0.876526871196603	0.5446771040916414			False	False
57	141	0	141	0.258825586550953	0.6677700133014588	-9.104906862971966	0.0	0.00141	0.0	-1.3535999458759278	0.3913143858907688	0.17537308715362696	0.0	0.0	0.0	0			0					False	False	-1.3564269710853392	0.3905483387141877			False	False
58	74	0	74	0.4135000314012385	0.8448223432300611	-8.82491947005035	0.0	0.00074	0.0	-0.42811022350620753	0.7432347060878357	0.07323460876243354	0.0	0.0	0.0	0			0					False	False	-0.42996960762602043	0.7422774222542462			False	False
59	122	0	122	0.2936074330397473	0.7283722858101425	-9.042047580991811	0.0	0.00122	0.0	-1.1455796420466164	0.4520080457432144	0.13764658724382095	0.0	0.0	0.0	0			0					False	False	-1.1481321956396133	0.45120901708774297			False	False
60	10	0	10	0.7637846653289968	0.8448223432300611	-7.955687750356935	0.0	0.0001	0.0	2.398740874177193	5.2734272003374985	0.07323460876243354	0.0	0.0	0.0	0			0					False	False	2.3978051982539945	5.270008169288748			False	False
61	65	0	65	0.4434527706609934	0.8448223432300611	-8.768601106963043	0.0	0.00065	0.0	-0.24236470458149562	0.8453585588327296	0.07323460876243354	0.0	0.0	0.0	0			0					False	False	-0.24409415649431843	0.8443457799820039			False	False
62	796	0	796	0.0071076757334205	0.0286528178003514	-9.85660081805172	0.0	0.00796	0.0	-3.846472254569356	0.06951787269748116	1.5428326618303452	0.0	0.0	0.0	0			0					False	False	-3.8587933988771237	0.06892669263111895			False	False
63	55	0	55	0.480855126487747	0.8448223432300611	-8.696050439815647	0.0	0.00055	0.0	-0.0033575693941525486	0.9976754162800674	0.07323460876243354	0.0	0.0	0.0	0			0					False	False	-0.004942665911304545	0.9965798670834642			False	False
64	6	0	6	0.8159377259236187	0.8448223432300611	-7.733839000769532	0.0	6e-05	0.0	3.090618578814862	8.518613169775964	0.07323460876243354	0.0	0.0	0.0	0			0					False	False	3.0897406150217144	8.513430675577878			False	False
65	33	0	33	0.585083336495376	0.8448223432300611	-8.474201690204554	0.0	0.00033	0.0	0.7249691064981807	1.6528652418968277	0.07323460876243354	0.0	0.0	0.0	0			0					False	False	0.7237015410173075	1.6514136566751203			False	False
66	29	0	29	0.6087863984610677	0.8448223432300611	-8.418085748227437	0.0	0.00029	0.0	0.9084152475941121	1.8769825628319912	0.07323460876243354	0.0	0.0	0.0	0			0					False	False	0.9072054075211309	1.8754091902488446			False	False
67	23	0	23	0.6485463237573699	0.8448223432300611	-8.31741558634998	0.0	0.00023	0.0	1.236469445278317	2.3562121533422884	0.07323460876243354	0.0	0.0	0.0	0			0					False	False	1.2353461889866786	2.354378363103299			False	False
68	64	0	64	0.4469833299975709	0.8448223432300611	-8.761867724304178	0.0	0.00064	0.0	-0.22016895846729945	0.8584648930781983	0.07323460876243354	0.0	0.0	0.0	0			0					False	False	-0.22188397419055228	0.8574449921279433			False	False
69	471	0	471	0.0387166520020798	0.1314328449544289	-9.628708657443324	0.0	0.00471	0.0	-3.0900556637191423	0.11743581252077152	0.8812960913973193	0.0	0.0	0.0	0			0					False	False	-3.0976581760236	0.11681859341631844			False	False
70	16	1	15	0.0188101963081543	0.0693290092500547	0.8682209910361546	0.0011074197120708748	0.00015	0.0625	3.4218244872902357	10.716964955524604	1.1590850060655962	0.6931471805599453	2.3718279957362074	2.749150266824453	0			7	52.70760726928711	52.70760726928711			False	False	3.4224143370478313	10.721347511393073			False	False
71	11	0	11	0.7526219956933495	0.8448223432300611	-7.997080435511212	0.0	0.00011	0.0	2.2674963408989406	4.81486831335163	0.07323460876243354	0.0	0.0	0.0	0			0					False	False	2.266546236582492	4.8116984673131045			False	False
72	70	0	70	0.426424140092029	0.8448223432300611	-8.800785790333967	0.0	0.0007	0.0	-0.34849305544283915	0.7854040511140962	0.07323460876243354	0.0	0.0	0.0	0			0					False	False	-0.35029469047040784	0.7844238520803654			False	False
73	157	0	157	0.2334133949669485	0.6272984989736743	-9.151587402725506	0.0	0.00157	0.0	-1.5081497214313249	0.3515618133558334	0.20252575165958964	0.0	0.0	0.0	0			0					False	False	-1.5112079211419065	0.35081736808355507			False	False
74	183	0	183	0.1982093469596626	0.5558479512564451	-9.218138840046308	0.0	0.00183	0.0	-1.7285779558872587	0.30174924034628753	0.25504399072202144	0.0	0.0	0.0	0			0					False	False	-1.7320118931858026	0.30103186367275925			False	False
75	18	0	18	0.6868019996321859	0.8448223432300611	-8.21096025544094	0.0	0.00018	0.0	1.5816049313270035	2.9930262488402017	0.07323460876243354	0.0	0.0	0.0	0			0					False	False	1.5805538242172616	2.9908464081125956			False	False
76	88	0	88	0.3724903283064753	0.8448223432300611	-8.900170422468609	0.0	0.00088	0.0	-0.676547253127044	0.6256608542773304	0.07323460876243354	0.0	0.0	0.0	0			0					False	False	-0.6786087772756346	0.6247674611288804			False	False
77	107	0	107	0.3253682445728478	0.7919340292433467	-8.985071528002774	0.0	0.00107	0.0	-0.9571345526335069	0.5150789358469186	0.1013109950884099	0.0	0.0	0.0	0			0					False	False	-0.9594704549875512	0.5142456339043256			False	False
78	20	0	20	0.6708271396401904	0.8448223432300611	-8.256717745999202	0.0	0.0002	0.0	1.4335062923378707	2.701023687977745	0.07323460876243354	0.0	0.0	0.0	0			0					False	False	1.4324263259883487	2.6990025240595505			False	False
79	21	0	21	0.6631915642468154	0.8448223432300611	-8.277907045068106	0.0	0.00021	0.0	1.3647935422538566	2.5753946792345945	0.07323460876243354	0.0	0.0	0.0	0			0					False	False	1.3636991460679582	2.573441783246032			False	False
80	22	0	22	0.6557692181391732	0.8448223432300611	-8.298110431155452	0.0	0.00022	0.0	1.2992052006262789	2.4609326934908333	0.07323460876243354	0.0	0.0	0.0	0			0					False	False	1.2980963744596767	2.459041997171493			False	False
81	66	0	66	0.4399650175759513	0.8448223432300611	-8.775231685861955	0.0	0.00066	0.0	-0.2642241385452362	0.8326464000532893	0.07323460876243354	0.0	0.0	0.0	0			0					False	False	-0.2659680267920841	0.8316405291036112			False	False
82	124	0	124	0.2896795316989016	0.7283722858101425	-9.049109435479243	0.0	0.00124	0.0	-1.168943635112127	0.44474687231762056	0.13764658724382095	0.0	0.0	0.0	0			0					False	False	-1.171525077995323	0.443951789448886			False	False
83	13	0	13	0.7318659199419282	0.8448223432300611	-8.06963110265375	0.0	0.00013	0.0	2.0361707947924863	4.101554489151392	0.07323460876243354	0.0	0.0	0.0	0			0					False	False	2.035191833256638	4.09877226423989			False	False
84	5	0	5	0.8317243224047888	0.8448223432300611	-7.654657754736383	0.0	5e-05	0.0	3.3316266783186563	10.067451927917045	0.07323460876243354	0.0	0.0	0.0	0			0					False	False	3.330763142197302	10.06142778085224			False	False
85	25	0	25	0.6346508743121673	0.8448223432300611	-8.353627759002915	0.0	0.00025	0.0	1.1186329549844576	2.17141120013897	0.07323460876243354	0.0	0.0	0.0	0			0					False	False	1.1174808380097403	2.1696778323947177			False	False
86	44	0	44	0.5283858446656651	0.8448223432300611	-8.599140426809564	0.0	0.00044	0.0	0.315324865989556	1.2442918113155899	0.07323460876243354	0.0	0.0	0.0	0			0					False	False	0.313898543726447	1.2430622485589755			False	False
87	14	0	14	0.7221545382618482	0.8448223432300611	-8.101815786022765	0.0	0.00014	0.0	1.9330773018283818	3.8186886623133627	0.07323460876243354	0.0	0.0	0.0	0			0					False	False	1.9320839114663784	3.816060149228098			False	False
88	4	0	4	0.8492649337209723	0.8558998160156674	-7.557747741750042	0.0	4e-05	0.0	3.6211332955136424	12.304663467454176	0.06757706697924784	0.0	0.0	0.0	0			0					False	False	3.620284186919797	12.297423599581869			False	False
89	30	0	30	0.6026742761950976	0.8448223432300611	-8.432809005047645	0.0	0.0003	0.0	0.8603209593930679	1.8154421509358611	0.07323460876243354	0.0	0.0	0.0	0			0					False	False	0.859096688184648	1.8139022199642567			False	False
90	22	0	22	0.6557692181391732	0.8448223432300611	-8.298110431155452	0.0	0.00022	0.0	1.2992052006262789	2.4609326934908333	0.07323460876243354	0.0	0.0	0.0	0			0					False	False	1.2980963744596767	2.459041997171493			False	False
91	7	0	7	0.8014857173970404	0.8448223432300611	-7.800785790389805	0.0	7e-05	0.0	2.884167701347435	7.382798080472499	0.07323460876243354	0.0	0.0	0.0	0			0					False	False	2.8832753097382113	7.378232798376688			False	False
92	7	0	7	0.8014857173970404	0.8448223432300611	-7.800785790389805	0.0	7e-05	0.0	2.884167701347435	7.382798080472499	0.07323460876243354	0.0	0.0	0.0	0			0					False	False	2.8832753097382113	7.378232798376688			False	False
93	11	0	11	0.7526219956933495	0.8448223432300611	-7.997080435511212	0.0	0.00011	0.0	2.2674963408989406	4.81486831335163	0.07323460876243354	0.0	0.0	0.0	0			0					False	False	2.266546236582492	4.8116984673131045			False	False
94	24	0	24	0.6415105643824257	0.8448223432300611	-8.335898992043207	0.0	0.00024	0.0	1.1763484528407453	2.260040228716071	0.07323460876243354	0.0	0.0	0.0	0			0					False	False	1.1752107662797364	2.258258699163119			False	False
95	50	0	50	0.5015165113168658	0.8448223432300611	-8.65465775465821	0.0	0.0005	0.0	0.132846814204159	1.096455160466213	0.07323460876243354	0.0	0.0	0.0	0			0					False	False	0.13133388996865314	1.0953059334710453			False	False
96	9	0	9	0.7755738504349508	0.8448223432300611	-7.909930259801086	0.0	9e-05	0.0	2.5431307835123693	5.828524800373031	0.07323460876243354	0.0	0.0	0.0	0			0					False	False	2.5422095358381203	5.824804124311888			False	False
97	6	0	6	0.8159377259236187	0.8448223432300611	-7.733839000769532	0.0	6e-05	0.0	3.090618578814862	8.518613169775964	0.07323460876243354	0.0	0.0	0.0	0			0					False	False	3.0897406150217144	8.513430675577878			False	False
98	75	0	75	0.4103597124614837	0.8448223432300611	-8.830749013710996	0.0	0.00075	0.0	-0.4473464423691258	0.7333905377952812	0.07323460876243354	0.0	0.0	0.0	0			0					False	False	-0.4492202641231966	0.7324386033709963			False	False
99	38	0	38	0.5579475212712561	0.8448223432300611	-8.535471346941744	0.0	0.00038	0.0	0.5242717562610526	1.438207418273864	0.07323460876243354	0.0	0.0	0.0	0			0					False	False	0.5229320307721164	1.4368724800379487			False	False
100	64	0	64	0.4469833299975709	0.8448223432300611	-8.761867724304178	0.0	0.00064	0.0	-0.22016895846729945	0.8584648930781983	0.07323460876243354	0.0	0.0	0.0	0			0					False	False	-0.22188397419055228	0.8574449921279433			False	False
101	16	0	16	0.7038447246106998	0.8448223432300611	-8.159807732996574	0.0	0.00016	0.0	1.7466641775975003	3.355817309305682	0.07323460876243354	0.0	0.0	0.0	0			0					False	False	1.7456419291502563	3.3534403246633477			False	False
102	16	0	16	0.7038447246106998	0.8448223432300611	-8.159807732996574	0.0	0.00016	0.0	1.7466641775975003	3.355817309305682	0.07323460876243354	0.0	0.0	0.0	0			0					False	False	1.7456419291502563	3.3534403246633477			False	False
103	12	0	12	0.7420041145811032	0.8448223432300611	-8.034868996397321	0.0	0.00012	0.0	2.1472021071812293	4.429678848283501	0.07323460876243354	0.0	0.0	0.0	0			0					False	False	2.146237574327234	4.426718317653573			False	False
104	15	0	15	0.7128263202235727	0.8448223432300611	-8.131779009398139	0.0	0.00015	0.0	1.8368619865690796	3.572321651841535	0.07323460876243354	0.0	0.0	0.0	0			0					False	False	1.8358541672366098	3.5698270167984707			False	False
105	5	0	5	0.8317243224047888	0.8448223432300611	-7.654657754736383	0.0	5e-05	0.0	3.3316266783186563	10.067451927917045	0.07323460876243354	0.0	0.0	0.0	0			0					False	False	3.330763142197302	10.06142778085224			False	False
106	7	0	7	0.8014857173970404	0.8448223432300611	-7.800785790389805	0.0	7e-05	0.0	2.884167701347435	7.382798080472499	0.07323460876243354	0.0	0.0	0.0	0			0					False	False	2.8832753097382113	7.378232798376688			False	False
107	13	0	13	0.7318659199419282	0.8448223432300611	-8.06963110265375	0.0	0.00013	0.0	2.0361707947924863	4.101554489151392	0.07323460876243354	0.0	0.0	0.0	0			0					False	False	2.035191833256638	4.09877226423989			False	False
108	6	0	6	0.8159377259236187	0.8448223432300611	-7.733839000769532	0.0	6e-05	0.0	3.090618578814862	8.518613169775964	0.07323460876243354	0.0	0.0	0.0	0			0					False	False	3.0897406150217144	8.513430675577878			False	False
109	14	0	14	0.7221545382618482	0.8448223432300611	-8.101815786022765	0.0	0.00014	0.0	1.9330773018283818	3.8186886623133627	0.07323460876243354	0.0	0.0	0.0	0			0					False	False	1.9320839114663784	3.816060149228098			False	False
110	15	0	15	0.7128263202235727	0.8448223432300611	-8.131779009398139	0.0	0.00015	0.0	1.8368619865690796	3.572321651841535	0.07323460876243354	0.0	0.0	0.0	0			0					False	False	1.8358541672366098	3.5698270167984707			False	False
111	6	0	6	0.8159377259236187	0.8448223432300611	-7.733839000769532	0.0	6e-05	0.0	3.090618578814862	8.518613169775964	0.07323460876243354	0.0	0.0	0.0	0			0					False	False	3.0897406150217144	8.513430675577878			False	False
112	5	0	5	0.8317243224047888	0.8448223432300611	-7.654657754736383	0.0	5e-05	0.0	3.3316266783186563	10.067451927917045	0.07323460876243354	0.0	0.0	0.0	0			0					False	False	3.330763142197302	10.06142778085224			False	False
113	17	0	17	0.6951787889843413	0.8448223432300611	-8.186136671717327	0.0	0.00017	0.0	1.6617752800109873	3.1640563202025	0.07323460876243354	0.0	0.0	0.0	0			0					False	False	1.6607386023046526	3.1617835402008074			False	False
114	5	0	5	0.8317243224047888	0.8448223432300611	-7.654657754736383	0.0	5e-05	0.0	3.3316266783186563	10.067451927917045	0.07323460876243354	0.0	0.0	0.0	0			0					False	False	3.330763142197302	10.06142778085224			False	False
115	8	0	8	0.7880945723509023	0.8448223432300611	-7.858777737359736	0.0	8e-05	0.0	2.7035954557056137	6.514233600416909	0.07323460876243354	0.0	0.0	0.0	0			0					False	False	2.702688636136024	6.510140304046359			False	False
116	5	0	5	0.8317243224047888	0.8448223432300611	-7.654657754736383	0.0	5e-05	0.0	3.3316266783186563	10.067451927917045	0.07323460876243354	0.0	0.0	0.0	0			0					False	False	3.330763142197302	10.06142778085224			False	False
117	5	0	5	0.8317243224047888	0.8448223432300611	-7.654657754736383	0.0	5e-05	0.0	3.3316266783186563	10.067451927917045	0.07323460876243354	0.0	0.0	0.0	0			0					False	False	3.330763142197302	10.06142778085224			False	False
118	6	0	6	0.8159377259236187	0.8448223432300611	-7.733839000769532	0.0	6e-05	0.0	3.090618578814862	8.518613169775964	0.07323460876243354	0.0	0.0	0.0	0			0					False	False	3.0897406150217144	8.513430675577878			False	False
119	7	0	7	0.8014857173970404	0.8448223432300611	-7.800785790389805	0.0	7e-05	0.0	2.884167701347435	7.382798080472499	0.07323460876243354	0.0	0.0	0.0	0			0					False	False	2.8832753097382113	7.378232798376688			False	False
120	5	0	5	0.8317243224047888	0.8448223432300611	-7.654657754736383	0.0	5e-05	0.0	3.3316266783186563	10.067451927917045	0.07323460876243354	0.0	0.0	0.0	0			0					False	False	3.330763142197302	10.06142778085224			False	False
121	6	0	6	0.8159377259236187	0.8448223432300611	-7.733839000769532	0.0	6e-05	0.0	3.090618578814862	8.518613169775964	0.07323460876243354	0.0	0.0	0.0	0			0					False	False	3.0897406150217144	8.513430675577878			False	False
122	8	0	8	0.7880945723509023	0.8448223432300611	-7.858777737359736	0.0	8e-05	0.0	2.7035954557056137	6.514233600416909	0.07323460876243354	0.0	0.0	0.0	0			0					False	False	2.702688636136024	6.510140304046359			False	False
123	6	0	6	0.8159377259236187	0.8448223432300611	-7.733839000769532	0.0	6e-05	0.0	3.090618578814862	8.518613169775964	0.07323460876243354	0.0	0.0	0.0	0			0					False	False	3.0897406150217144	8.513430675577878			False	False
124	6	0	6	0.8159377259236187	0.8448223432300611	-7.733839000769532	0.0	6e-05	0.0	3.090618578814862	8.518613169775964	0.07323460876243354	0.0	0.0	0.0	0			0					False	False	3.0897406150217144	8.513430675577878			False	False
125	6	0	6	0.8159377259236187	0.8448223432300611	-7.733839000769532	0.0	6e-05	0.0	3.090618578814862	8.518613169775964	0.07323460876243354	0.0	0.0	0.0	0			0					False	False	3.0897406150217144	8.513430675577878			False	False
126	5	0	5	0.8317243224047888	0.8448223432300611	-7.654657754736383	0.0	5e-05	0.0	3.3316266783186563	10.067451927917045	0.07323460876243354	0.0	0.0	0.0	0			0					False	False	3.330763142197302	10.06142778085224			False	False
127	5	0	5	0.8317243224047888	0.8448223432300611	-7.654657754736383	0.0	5e-05	0.0	3.3316266783186563	10.067451927917045	0.07323460876243354	0.0	0.0	0.0	0			0					False	False	3.330763142197302	10.06142778085224			False	False
128	5	0	5	0.8317243224047888	0.8448223432300611	-7.654657754736383	0.0	5e-05	0.0	3.3316266783186563	10.067451927917045	0.07323460876243354	0.0	0.0	0.0	0			0					False	False	3.330763142197302	10.06142778085224			False	False
